what is the highest point in florida ?	_answer ( A , _highest ( A , ( _place ( A ) , _loc ( A , B ) , _const ( B , _stateid ( florida ) ) ) ) )
what are the high point of state surround mississippi ?	_answer ( A , ( _high_point ( B , A ) , _loc ( A , B ) , _state ( B ) , _next_to ( B , C ) , _const ( C , _stateid ( mississippi ) ) ) )
what state has the shortest river ?	_answer ( A , ( _state ( A ) , _loc ( B , A ) , _shortest ( B , _river ( B ) ) ) )
what is the tallest mountain in the united states ?	_answer ( A , _highest ( A , ( _mountain ( A ) , _loc ( A , B ) , _const ( B , _countryid ( usa ) ) ) ) )
what is the capit of maine ?	_answer ( A , ( _capital ( A ) , _loc ( A , B ) , _const ( B , _stateid ( maine ) ) ) )
what are the popul of state through which the mississippi river run ?	_answer ( A , ( _population ( B , A ) , _state ( B ) , _const ( C , _riverid ( mississippi ) ) , _river ( C ) , _traverse ( C , B ) ) )
name all the lake of us ?	_answer ( A , ( _lake ( A ) , _loc ( A , B ) , _const ( B , _countryid ( usa ) ) ) )
which state border state through which the mississippi traverses ?	_answer ( A , ( _state ( A ) , _next_to ( A , B ) , _state ( B ) , _const ( C , _riverid ( mississippi ) ) , _traverse ( C , B ) ) )
what is the highest mountain in alaska ?	_answer ( A , _highest ( A , ( _mountain ( A ) , _loc ( A , B ) , _const ( B , _stateid ( alaska ) ) ) ) )
what is the popul of illinois ?	_answer ( A , ( _population ( B , A ) , _const ( B , _stateid ( illinois ) ) ) )
name all the river in colorado ?	_answer ( A , ( _river ( A ) , _loc ( A , B ) , _const ( B , _stateid ( colorado ) ) ) )
in which state doe the highest point in usa exist ?	_answer ( A , ( _loc ( B , A ) , _state ( A ) , _highest ( B , ( _place ( B ) , _loc ( B , C ) , _const ( C , _countryid ( usa ) ) ) ) ) )
which state is the city denver locat in ?	_answer ( A , ( _state ( A ) , _city ( B ) , _const ( B , _cityid ( denver , _ ) ) , _loc ( B , A ) ) )
what is the lowest point in texas ?	_answer ( A , _lowest ( A , ( _place ( A ) , _loc ( A , B ) , _const ( B , _stateid ( texas ) ) ) ) )
how mani state have a citi call rochester ?	_answer ( A , _count ( B , ( _state ( B ) , _loc ( C , B ) , _const ( C , _cityid ( rochester , _ ) ) ) , A ) )
which capit are in the state that border texas ?	_answer ( A , ( _capital ( A ) , _loc ( A , B ) , _state ( B ) , _next_to ( B , C ) , _const ( C , _stateid ( texas ) ) ) )
how mani peopl live in austin ?	_answer ( A , ( _population ( B , A ) , _const ( B , _cityid ( austin , _ ) ) ) )
what state have rivers named colorado ?	_answer ( A , ( _state ( A ) , _loc ( B , A ) , _const ( B , _riverid ( colorado ) ) ) )
what is the size of texas ?	_answer ( A , ( _size ( B , A ) , _const ( B , _stateid ( texas ) ) ) )
what is the shortest river in the usa ?	_answer ( A , _shortest ( A , ( _river ( A ) , _loc ( A , B ) , _const ( B , _countryid ( usa ) ) ) ) )
what are the major citi of the us ?	_answer ( A , ( _major ( A ) , _city ( A ) , _loc ( A , B ) , _const ( B , _countryid ( usa ) ) ) )
which state border kentucky ?	_answer ( A , ( _state ( A ) , _next_to ( A , B ) , _const ( B , _stateid ( kentucky ) ) ) )
what is the popul of oregon ?	_answer ( A , ( _population ( B , A ) , _const ( B , _stateid ( oregon ) ) ) )
what state have a citi name austin ?	_answer ( A , ( _state ( A ) , _loc ( B , A ) , _const ( B , _cityid ( austin , _ ) ) ) )
what is the highest elev in south carolina ?	_answer ( A , _highest ( A , ( _place ( A ) , _loc ( A , B ) , _const ( B , _stateid ( ' south carolina ' ) ) ) ) )
how mani peopl live in austin texas ?	_answer ( A , ( _population ( B , A ) , _const ( B , _cityid ( austin , tx ) ) ) )
what are the river in the state of texas ?	_answer ( A , ( _river ( A ) , _loc ( A , B ) , _state ( B ) , _const ( B , _stateid ( texas ) ) ) )
what is the lowest point of colorado ?	_answer ( A , _lowest ( A , ( _place ( A ) , _loc ( A , B ) , _const ( B , _stateid ( colorado ) ) ) ) )
what is the popul of atlanta ?	_answer ( A , ( _population ( B , A ) , _const ( B , _cityid ( atlanta , _ ) ) ) )
what river are in utah ?	_answer ( A , ( _river ( A ) , _loc ( A , B ) , _const ( B , _stateid ( utah ) ) ) )
what river run through the most state ?	_answer ( A , _most ( A , B , ( _river ( A ) , _traverse ( A , B ) , _state ( B ) ) ) )
what is the population of sacramento ?	_answer ( A , ( _population ( B , A ) , _const ( B , _cityid ( sacramento , _ ) ) ) )
could you tell me what is the highest point in the state of oregon ?	_answer ( A , _highest ( A , ( _place ( A ) , _loc ( A , B ) , _state ( B ) , _const ( B , _stateid ( oregon ) ) ) ) )
which state doe the mississippi river run through ?	_answer ( A , ( _state ( A ) , _const ( B , _riverid ( mississippi ) ) , _river ( B ) , _traverse ( B , A ) ) )
what are the major citi in the smallest state in the us ?	_answer ( A , ( _major ( A ) , _city ( A ) , _loc ( A , B ) , _smallest ( B , ( _state ( B ) , _loc ( B , C ) , _const ( C , _countryid ( usa ) ) ) ) ) )
how high is guadalupe peak ?	_answer ( A , ( _elevation ( B , A ) , _const ( B , _placeid ( ' guadalupe peak ' ) ) ) )
what river run through illinois ?	_answer ( A , ( _river ( A ) , _traverse ( A , B ) , _const ( B , _stateid ( illinois ) ) ) )
how long is the mississippi river ?	_answer ( A , ( _len ( B , A ) , _const ( B , _riverid ( mississippi ) ) , _river ( B ) ) )
how high is the highest point in the largest state ?	_answer ( A , ( _elevation ( B , A ) , _highest ( B , ( _place ( B ) , _loc ( B , C ) , _largest ( C , _state ( C ) ) ) ) ) )
what is the area of south carolina ?	_answer ( A , ( _area ( B , A ) , _const ( B , _stateid ( ' south carolina ' ) ) ) )
what are the state through which the longest river run ?	_answer ( A , ( _state ( A ) , _longest ( B , ( _river ( B ) , _traverse ( B , A ) ) ) ) )
where is new orleans ?	_answer ( A , ( _loc ( B , A ) , _const ( B , _cityid ( ' new orleans ' , _ ) ) ) )
in what state is mount mckinley ?	_answer ( A , ( _loc ( B , A ) , _state ( A ) , _const ( B , _placeid ( ' mount mckinley ' ) ) ) )
what state has highest elev ?	_answer ( A , ( _state ( A ) , _loc ( B , A ) , _highest ( B , _place ( B ) ) ) )
what is the size of california ?	_answer ( A , ( _size ( B , A ) , _const ( B , _stateid ( california ) ) ) )
what is the smallest state that border texas ?	_answer ( A , _smallest ( A , ( _state ( A ) , _next_to ( A , B ) , _const ( B , _stateid ( texas ) ) ) ) )
how mani citizen in alabama ?	_answer ( A , ( _population ( B , A ) , _const ( B , _stateid ( alabama ) ) ) )
in which state is rochester ?	_answer ( A , ( _loc ( B , A ) , _state ( A ) , _const ( B , _cityid ( rochester , _ ) ) ) )
how mani state in the us doe the shortest river run through ?	_answer ( A , _count ( B , ( _state ( B ) , _loc ( B , C ) , _const ( C , _countryid ( usa ) ) , _shortest ( D , _river ( D ) ) , _traverse ( D , B ) ) , A ) )
what is the biggest state in continental us ?	_answer ( A , _largest ( A , ( _state ( A ) , _loc ( A , B ) , _const ( B , _countryid ( usa ) ) ) ) )
what is the area of the largest state ?	_answer ( A , ( _area ( B , A ) , _largest ( B , _state ( B ) ) ) )
where is mount whitney ?	_answer ( A , ( _loc ( B , A ) , _const ( B , _placeid ( ' mount whitney ' ) ) ) )
how mani state doe iowa border ?	_answer ( A , _count ( B , ( _state ( B ) , _const ( C , _stateid ( iowa ) ) , _next_to ( C , B ) ) , A ) )
which state doe the longest river cross ?	_answer ( A , ( _state ( A ) , _longest ( B , _river ( B ) ) , _traverse ( B , A ) ) )
what river flow through kansas ?	_answer ( A , ( _river ( A ) , _traverse ( A , B ) , _const ( B , _stateid ( kansas ) ) ) )
what is the popul of austin texas ?	_answer ( A , ( _population ( B , A ) , _const ( B , _cityid ( austin , tx ) ) ) )
what is the capit of vermont ?	_answer ( A , ( _capital ( A ) , _loc ( A , B ) , _const ( B , _stateid ( vermont ) ) ) )
which state border colorado ?	_answer ( A , ( _state ( A ) , _next_to ( A , B ) , _const ( B , _stateid ( colorado ) ) ) )
how long is the mississippi ?	_answer ( A , ( _len ( B , A ) , _const ( B , _riverid ( mississippi ) ) ) )
what state has the largest popul densiti ?	_answer ( A , _largest ( B , ( _state ( A ) , _density ( A , B ) ) ) )
what state border georgia ?	_answer ( A , ( _state ( A ) , _next_to ( A , B ) , _const ( B , _stateid ( georgia ) ) ) )
what is the capit of pennsylvania ?	_answer ( A , ( _capital ( A ) , _loc ( A , B ) , _const ( B , _stateid ( pennsylvania ) ) ) )
what are the biggest river in texas ?	_answer ( A , _longest ( A , ( _river ( A ) , _loc ( A , B ) , _const ( B , _stateid ( texas ) ) ) ) )
what is the longest river in the united states ?	_answer ( A , _longest ( A , ( _river ( A ) , _loc ( A , B ) , _const ( B , _countryid ( usa ) ) ) ) )
what is the capit of utah ?	_answer ( A , ( _capital ( A ) , _loc ( A , B ) , _const ( B , _stateid ( utah ) ) ) )
what state has the smallest popul densiti ?	_answer ( A , _smallest ( B , ( _state ( A ) , _density ( A , B ) ) ) )
which capit are not major citi ?	_answer ( A , ( _capital ( A ) , \+ ( _major ( A ) , _city ( A ) ) ) )
what is the biggest citi in nebraska ?	_answer ( A , _largest ( A , ( _city ( A ) , _loc ( A , B ) , _const ( B , _stateid ( nebraska ) ) ) ) )
what is the popul of texas ?	_answer ( A , ( _population ( B , A ) , _const ( B , _stateid ( texas ) ) ) )
what is the shortest river in the united states ?	_answer ( A , _shortest ( A , ( _river ( A ) , _loc ( A , B ) , _const ( B , _countryid ( usa ) ) ) ) )
what is the popul of rhode island ?	_answer ( A , ( _population ( B , A ) , _const ( B , _stateid ( ' rhode island ' ) ) ) )
what is the state with the lowest point ?	_answer ( A , ( _state ( A ) , _loc ( B , A ) , _lowest ( B , _place ( B ) ) ) )
what is the longest river in new york ?	_answer ( A , _longest ( A , ( _river ( A ) , _loc ( A , B ) , _const ( B , _stateid ( ' new york ' ) ) ) ) )
what is the longest river that run through a state that border tennessee ?	_answer ( A , _longest ( A , ( _river ( A ) , _traverse ( A , B ) , _state ( B ) , _next_to ( B , C ) , _const ( C , _stateid ( tennessee ) ) ) ) )
how mani major citi are in arizona ?	_answer ( A , _count ( B , ( _major ( B ) , _city ( B ) , _loc ( B , C ) , _const ( C , _stateid ( arizona ) ) ) , A ) )
what are the neighbor state for michigan ?	_answer ( A , ( _next_to ( A , B ) , _state ( A ) , _const ( B , _stateid ( michigan ) ) ) )
what state that border texas is the largest ?	_answer ( A , _largest ( A , ( _state ( A ) , _next_to ( A , B ) , _const ( B , _stateid ( texas ) ) ) ) )
what is the shortest river ?	_answer ( A , _shortest ( A , _river ( A ) ) )
how mani state border the state that border the most state ?	_answer ( A , _count ( B , ( _state ( B ) , _next_to ( B , C ) , _most ( C , D , ( _state ( C ) , _next_to ( C , D ) , _state ( D ) ) ) ) , A ) )
which state is the largest citi in montana in ?	_answer ( A , ( _state ( A ) , _largest ( B , ( _city ( B ) , _loc ( B , C ) , _const ( C , _stateid ( montana ) ) ) ) , _loc ( B , A ) ) )
what is the popul of washington dc ?	_answer ( A , ( _population ( B , A ) , _const ( B , _cityid ( washington , dc ) ) ) )
what is the most popul citi in texas ?	_answer ( B , _largest ( A , ( _population ( B , A ) , _city ( B ) , _loc ( B , C ) , _const ( C , _stateid ( texas ) ) ) ) )
what is the capit of hawaii ?	_answer ( A , ( _capital ( A ) , _loc ( A , B ) , _const ( B , _stateid ( hawaii ) ) ) )
what is capit of iowa ?	_answer ( A , ( _capital ( A ) , _loc ( A , B ) , _const ( B , _stateid ( iowa ) ) ) )
where is san diego ?	_answer ( A , ( _loc ( B , A ) , _const ( B , _cityid ( ' san diego ' , _ ) ) ) )
what are the major citi in delaware ?	_answer ( A , ( _major ( A ) , _city ( A ) , _loc ( A , B ) , _const ( B , _stateid ( delaware ) ) ) )
what is the lowest point in louisiana ?	_answer ( A , _lowest ( A , ( _place ( A ) , _loc ( A , B ) , _const ( B , _stateid ( louisiana ) ) ) ) )
which state has the highest peak in the country ?	_answer ( A , _highest ( B , ( _state ( A ) , _loc ( B , A ) , _mountain ( B ) ) ) )
what texas citi has the largest popul ?	_answer ( A , _largest ( B , ( _const ( C , _stateid ( texas ) ) , _city ( A ) , _loc ( A , C ) , _population ( A , B ) ) ) )
what capit is the largest in the us ?	_answer ( A , _largest ( A , ( _capital ( A ) , _loc ( A , B ) , _const ( B , _countryid ( usa ) ) ) ) )
what is the popul of new york ?	_answer ( A , ( _population ( B , A ) , _const ( B , _stateid ( ' new york ' ) ) ) )
what is the popul of the capit of the smallest state ?	_answer ( A , ( _population ( B , A ) , _capital ( B ) , _loc ( B , C ) , _smallest ( C , _state ( C ) ) ) )
what is the area of alaska ?	_answer ( A , ( _area ( B , A ) , _const ( B , _stateid ( alaska ) ) ) )
what is the popul of california ?	_answer ( A , ( _population ( B , A ) , _const ( B , _stateid ( california ) ) ) )
which state has the longest river ?	_answer ( A , _longest ( B , ( _state ( A ) , _loc ( B , A ) , _river ( B ) ) ) )
what is the capit of texas ?	_answer ( A , ( _capital ( A ) , _loc ( A , B ) , _const ( B , _stateid ( texas ) ) ) )
give me the citi which are in texas ?	_answer ( A , ( _city ( A ) , _loc ( A , B ) , _const ( B , _stateid ( texas ) ) ) )
what state border kentucky ?	_answer ( A , ( _state ( A ) , _next_to ( A , B ) , _const ( B , _stateid ( kentucky ) ) ) )
how high is the highest point of florida ?	_answer ( A , ( _elevation ( B , A ) , _highest ( B , ( _place ( B ) , _loc ( B , C ) , _const ( C , _stateid ( florida ) ) ) ) ) )
what are the major citi in north carolina ?	_answer ( A , ( _major ( A ) , _city ( A ) , _loc ( A , B ) , _const ( B , _stateid ( ' north carolina ' ) ) ) )
what is the highest point in the state with capit des moines ?	_answer ( A , _highest ( A , ( _place ( A ) , _loc ( A , B ) , _state ( B ) , _loc ( C , B ) , _capital ( C ) , _const ( C , _cityid ( ' des moines ' , _ ) ) ) ) )
what is the lowest point in california ?	_answer ( A , _lowest ( A , ( _place ( A ) , _loc ( A , B ) , _const ( B , _stateid ( california ) ) ) ) )
what is the biggest citi in wyoming ?	_answer ( A , _largest ( A , ( _city ( A ) , _loc ( A , B ) , _const ( B , _stateid ( wyoming ) ) ) ) )
what is the largest state border texas ?	_answer ( A , _largest ( A , ( _state ( A ) , _next_to ( A , B ) , _const ( B , _stateid ( texas ) ) ) ) )
what is the smallest citi in hawaii ?	_answer ( A , _smallest ( A , ( _city ( A ) , _loc ( A , B ) , _const ( B , _stateid ( hawaii ) ) ) ) )
what is the area of the state ?	_answer ( A , ( _area ( B , A ) , _state ( B ) ) )
what is the area of idaho ?	_answer ( A , ( _area ( B , A ) , _const ( B , _stateid ( idaho ) ) ) )
what state has the most river run through it ?	_answer ( A , _most ( A , B , ( _state ( A ) , _loc ( B , A ) , _river ( B ) , _traverse ( B , A ) ) ) )
what is the popul of springfield missouri ?	_answer ( A , ( _population ( B , A ) , _const ( B , _cityid ( springfield , mo ) ) ) )
what is the most popul state border oklahoma ?	_answer ( A , _largest ( B , ( _population ( A , B ) , _state ( A ) , _next_to ( A , C ) , _const ( C , _stateid ( oklahoma ) ) ) ) )
what is the number of neighbor state for kentucky ?	_answer ( A , _count ( B , ( _state ( B ) , _next_to ( B , C ) , _const ( C , _stateid ( kentucky ) ) ) , A ) )
what is the averag popul per squar km in pennsylvania ?	_answer ( A , ( _density ( B , A ) , _const ( B , _stateid ( pennsylvania ) ) ) )
what state has the highest popul densiti ?	_answer ( A , _largest ( B , ( _state ( A ) , _density ( A , B ) ) ) )
what is the tallest mountain in america ?	_answer ( A , _highest ( A , ( _mountain ( A ) , _loc ( A , B ) , _const ( B , _countryid ( usa ) ) ) ) )
what is the highest point of the state with the largest area ?	_answer ( A , _highest ( A , ( _place ( A ) , _loc ( A , B ) , _largest ( C , ( _state ( B ) , _area ( B , C ) ) ) ) ) )
what are the state ?	_answer ( A , _state ( A ) )
how mani river in washington ?	_answer ( A , _count ( B , ( _river ( B ) , _loc ( B , C ) , _const ( C , _stateid ( washington ) ) ) , A ) )
what are the popul of the state through which the mississippi river run ?	_answer ( A , ( _population ( B , A ) , _state ( B ) , _const ( C , _riverid ( mississippi ) ) , _river ( C ) , _traverse ( C , B ) ) )
what is the biggest river in illinois ?	_answer ( A , _largest ( A , ( _river ( A ) , _loc ( A , B ) , _const ( B , _stateid ( illinois ) ) ) ) )
what is the capit of michigan ?	_answer ( A , ( _capital ( A ) , _loc ( A , B ) , _const ( B , _stateid ( michigan ) ) ) )
what is the total popul of the state that border texas ?	_answer ( A , _sum ( C , ( _state ( C ) , _next_to ( D , C ) , _const ( D , _stateid ( texas ) ) ) , _population ( C ) , A ) )
what state border rhode island ?	_answer ( A , ( _state ( A ) , _next_to ( A , B ) , _const ( B , _stateid ( ' rhode island ' ) ) ) )
what is the biggest citi in oregon ?	_answer ( A , _largest ( A , ( _city ( A ) , _loc ( A , B ) , _const ( B , _stateid ( oregon ) ) ) ) )
what is the lowest point in wisconsin ?	_answer ( A , _lowest ( A , ( _place ( A ) , _loc ( A , B ) , _const ( B , _stateid ( wisconsin ) ) ) ) )
what are the river in the state of indiana ?	_answer ( A , ( _river ( A ) , _loc ( A , B ) , _state ( B ) , _const ( B , _stateid ( indiana ) ) ) )
what is the popul of austin ?	_answer ( A , ( _population ( B , A ) , _const ( B , _cityid ( austin , _ ) ) ) )
what is the smallest citi in arkansas ?	_answer ( A , _smallest ( A , ( _city ( A ) , _loc ( A , B ) , _const ( B , _stateid ( arkansas ) ) ) ) )
give me the longest river that pass through the us ?	_answer ( A , _longest ( A , ( _river ( A ) , _traverse ( A , B ) , _const ( B , _countryid ( usa ) ) ) ) )
how long is the missouri river ?	_answer ( A , ( _len ( B , A ) , _const ( B , _riverid ( missouri ) ) , _river ( B ) ) )
which state has the largest citi ?	_answer ( A , _largest ( B , ( _state ( A ) , _loc ( B , A ) , _city ( B ) ) ) )
what is the lowest elev in pennsylvania ?	_answer ( A , _lowest ( A , ( _place ( A ) , _loc ( A , B ) , _const ( B , _stateid ( pennsylvania ) ) ) ) )
what is the longest river in the state with the highest point ?	_answer ( A , _longest ( A , ( _river ( A ) , _loc ( A , B ) , _state ( B ) , _loc ( C , B ) , _highest ( C , _place ( C ) ) ) ) )
what state doe the colorado river run through ?	_answer ( A , ( _state ( A ) , _const ( B , _riverid ( colorado ) ) , _river ( B ) , _traverse ( B , A ) ) )
what are the state that the potomac run through ?	_answer ( A , ( _state ( A ) , _const ( B , _riverid ( potomac ) ) , _traverse ( B , A ) ) )
what is the biggest citi in the usa ?	_answer ( A , _largest ( A , ( _city ( A ) , _loc ( A , B ) , _const ( B , _countryid ( usa ) ) ) ) )
what state has no river ?	_answer ( A , ( _state ( A ) , \+ ( _loc ( B , A ) , _river ( B ) ) ) )
what is the highest point in rhode island ?	_answer ( A , _highest ( A , ( _place ( A ) , _loc ( A , B ) , _const ( B , _stateid ( ' rhode island ' ) ) ) ) )
name the state which have no surround state ?	_answer ( A , ( _state ( A ) , \+ ( _next_to ( A , B ) , _state ( B ) ) ) )
what is the popul of atlanta ga ?	_answer ( A , ( _population ( B , A ) , _const ( B , _cityid ( atlanta , _ ) ) ) )
how mani squar kilomet in the us ?	_answer ( A , ( _area ( B , A ) , _const ( B , _countryid ( usa ) ) ) )
what is the popul of idaho ?	_answer ( A , ( _population ( B , A ) , _const ( B , _stateid ( idaho ) ) ) )
what is the adjac state of california ?	_answer ( A , ( _next_to ( A , B ) , _state ( A ) , _const ( B , _stateid ( california ) ) ) )
what is the smallest state through which the longest river run ?	_answer ( A , _smallest ( A , ( _state ( A ) , _longest ( B , _river ( B ) ) , _traverse ( B , A ) ) ) )
what are the name of the major citi in illinois ?	_answer ( A , ( _major ( A ) , _city ( A ) , _loc ( A , B ) , _const ( B , _stateid ( illinois ) ) ) )
how mani state doe the colorado river run through ?	_answer ( A , _count ( B , ( _state ( B ) , _const ( C , _riverid ( colorado ) ) , _river ( C ) , _traverse ( C , B ) ) , A ) )
how mani state doe the colorado river flow through ?	_answer ( A , _count ( B , ( _state ( B ) , _const ( C , _riverid ( colorado ) ) , _river ( C ) , _traverse ( C , B ) ) , A ) )
what are the major citi in kansas ?	_answer ( A , ( _major ( A ) , _city ( A ) , _loc ( A , B ) , _const ( B , _stateid ( kansas ) ) ) )
which state border texas ?	_answer ( A , ( _state ( A ) , _next_to ( A , B ) , _const ( B , _stateid ( texas ) ) ) )
how mani peopl live in new york ?	_answer ( A , ( _population ( B , A ) , _const ( B , _stateid ( ' new york ' ) ) ) )
what are the largest citi in the state that border the largest state ?	_answer ( A , _largest ( A , ( _city ( A ) , _loc ( A , B ) , _state ( B ) , _next_to ( B , C ) , _largest ( C , _state ( C ) ) ) ) )
which state have point that are higher than the highest point in texas ?	_answer ( A , ( _state ( A ) , _place ( B ) , _loc ( B , A ) , _higher ( B , C ) , _highest ( C , ( _place ( C ) , _loc ( C , D ) , _const ( D , _stateid ( texas ) ) ) ) ) )
what is the river that cross over ohio ?	_answer ( A , ( _river ( A ) , _traverse ( A , B ) , _const ( B , _stateid ( ohio ) ) ) )
what is the largest citi in michigan ?	_answer ( A , _largest ( A , ( _city ( A ) , _loc ( A , B ) , _const ( B , _stateid ( michigan ) ) ) ) )
how mani river are in the state with the highest point ?	_answer ( A , _count ( B , ( _river ( B ) , _loc ( B , C ) , _state ( C ) , _loc ( D , C ) , _highest ( D , _place ( D ) ) ) , A ) )
what citi are locat in pennsylvania ?	_answer ( A , ( _city ( A ) , _loc ( A , B ) , _const ( B , _stateid ( pennsylvania ) ) ) )
what is the state with the lowest popul ?	_answer ( A , _smallest ( B , ( _state ( A ) , _population ( A , B ) ) ) )
what is the highest point in each state whose lowest point is sea level ?	_answer ( A , ( _high_point ( B , A ) , _state ( B ) , _low_point ( B , C ) , _elevation ( C , 0.0 ) ) )
give me the citi in usa ?	_answer ( A , ( _city ( A ) , _loc ( A , B ) , _const ( B , _countryid ( usa ) ) ) )
how mani state doe the missouri river run through ?	_answer ( A , _count ( B , ( _state ( B ) , _const ( C , _riverid ( missouri ) ) , _river ( C ) , _traverse ( C , B ) ) , A ) )
what state has the citi with the largest popul ?	_answer ( A , ( _state ( A ) , _loc ( B , A ) , _largest ( C , ( _city ( B ) , _population ( B , C ) ) ) ) )
which is the shortest river ?	_answer ( A , _shortest ( A , _river ( A ) ) )
how mani state border alaska ?	_answer ( A , _count ( B , ( _state ( B ) , _next_to ( B , C ) , _const ( C , _stateid ( alaska ) ) ) , A ) )
what is the popul of dallas ?	_answer ( A , ( _population ( B , A ) , _const ( B , _cityid ( dallas , _ ) ) ) )
where is san jose ?	_answer ( A , ( _loc ( B , A ) , _const ( B , _cityid ( ' san jose ' , _ ) ) ) )
what state border state that border colorado ?	_answer ( A , ( _state ( A ) , _next_to ( A , B ) , _state ( B ) , _next_to ( B , C ) , _const ( C , _stateid ( colorado ) ) ) )
what river flow through the state with the largest popul ?	_answer ( A , ( _river ( A ) , _traverse ( A , B ) , _largest ( C , ( _state ( B ) , _population ( B , C ) ) ) ) )
what the largest citi ?	_answer ( A , _largest ( A , _city ( A ) ) )
what is the capit of the alabama state ?	_answer ( A , ( _capital ( A ) , _loc ( A , B ) , _const ( B , _stateid ( alabama ) ) , _state ( B ) ) )
what state border arkansas ?	_answer ( A , ( _state ( A ) , _next_to ( A , B ) , _const ( B , _stateid ( arkansas ) ) ) )
what is the popul of denver ?	_answer ( A , ( _population ( B , A ) , _const ( B , _cityid ( denver , _ ) ) ) )
what is the longest river in america ?	_answer ( A , _longest ( A , ( _river ( A ) , _loc ( A , B ) , _const ( B , _countryid ( usa ) ) ) ) )
where is massachusetts ?	_answer ( A , ( _loc ( B , A ) , _const ( B , _stateid ( massachusetts ) ) ) )
what state has the smallest area ?	_answer ( A , _smallest ( B , ( _state ( A ) , _area ( A , B ) ) ) )
what major river run through illinois ?	_answer ( A , ( _major ( A ) , _river ( A ) , _traverse ( A , B ) , _const ( B , _stateid ( illinois ) ) ) )
how mani citi doe the usa have ?	_answer ( A , _count ( B , ( _city ( B ) , _const ( C , _countryid ( usa ) ) , _loc ( B , C ) ) , A ) )
how mani peopl live in california ?	_answer ( A , ( _population ( B , A ) , _const ( B , _stateid ( california ) ) ) )
what are the major river in the us ?	_answer ( A , ( _major ( A ) , _river ( A ) , _loc ( A , B ) , _const ( B , _countryid ( usa ) ) ) )
how mani state doe the mississippi river run through ?	_answer ( A , _count ( B , ( _state ( B ) , _const ( C , _riverid ( mississippi ) ) , _river ( C ) , _traverse ( C , B ) ) , A ) )
what is the area of texas ?	_answer ( A , ( _area ( B , A ) , _const ( B , _stateid ( texas ) ) ) )
what is the length of the river that travers the most state ?	_answer ( A , ( _len ( B , A ) , _most ( B , C , ( _river ( B ) , _traverse ( B , C ) , _state ( C ) ) ) ) )
what is the length of the longest river in the usa ?	_answer ( A , ( _len ( B , A ) , _longest ( B , ( _river ( B ) , _loc ( B , C ) , _const ( C , _countryid ( usa ) ) ) ) ) )
can you tell me the capit of texas ?	_answer ( A , ( _capital ( A ) , _loc ( A , B ) , _const ( B , _stateid ( texas ) ) ) )
what is the largest citi in minnesota by popul ?	_answer ( A , _largest ( B , ( _city ( A ) , _loc ( A , C ) , _const ( C , _stateid ( minnesota ) ) , _population ( A , B ) ) ) )
what is the smallest state in the usa ?	_answer ( A , _smallest ( A , ( _state ( A ) , _loc ( A , B ) , _const ( B , _countryid ( usa ) ) ) ) )
what state neighbor maine ?	_answer ( A , ( _state ( A ) , _next_to ( A , B ) , _const ( B , _stateid ( maine ) ) ) )
what state high point are higher than that of colorado ?	_answer ( A , ( _state ( A ) , _high_point ( A , B ) , _higher ( B , C ) , _high_point ( D , C ) , _const ( D , _stateid ( colorado ) ) ) )
what is the highest mountain in texas ?	_answer ( A , _highest ( A , ( _mountain ( A ) , _loc ( A , B ) , _const ( B , _stateid ( texas ) ) ) ) )
what are the major citi in texas ?	_answer ( A , ( _major ( A ) , _city ( A ) , _loc ( A , B ) , _const ( B , _stateid ( texas ) ) ) )
what are the state that border the state with the greatest popul ?	_answer ( A , ( _state ( A ) , _next_to ( B , A ) , _largest ( C , ( _state ( B ) , _population ( B , C ) ) ) ) )
what river run through colorado ?	_answer ( A , ( _river ( A ) , _traverse ( A , B ) , _const ( B , _stateid ( colorado ) ) ) )
how mani river are there in us ?	_answer ( A , _count ( B , ( _river ( B ) , _loc ( B , C ) , _const ( C , _countryid ( usa ) ) ) , A ) )
how mani river are in new york ?	_answer ( A , _count ( B , ( _river ( B ) , _loc ( B , C ) , _const ( C , _stateid ( ' new york ' ) ) ) , A ) )
which river are in alaska ?	_answer ( A , ( _river ( A ) , _loc ( A , B ) , _const ( B , _stateid ( alaska ) ) ) )
what is the longest river flow through new york ?	_answer ( A , _longest ( A , ( _river ( A ) , _traverse ( A , B ) , _const ( B , _stateid ( ' new york ' ) ) ) ) )
what river run through west virginia ?	_answer ( A , ( _river ( A ) , _traverse ( A , B ) , _const ( B , _stateid ( ' west virginia ' ) ) ) )
what are the capit of the state that border texas ?	_answer ( A , ( _capital ( A ) , _loc ( A , B ) , _state ( B ) , _next_to ( B , C ) , _const ( C , _stateid ( texas ) ) ) )
what is the area of california ?	_answer ( A , ( _area ( B , A ) , _const ( B , _stateid ( california ) ) ) )
how mani state have a citi name springfield ?	_answer ( A , _count ( B , ( _state ( B ) , _loc ( C , B ) , _const ( C , _cityid ( springfield , _ ) ) ) , A ) )
what is the biggest citi in texas ?	_answer ( A , _largest ( A , ( _city ( A ) , _loc ( A , B ) , _const ( B , _stateid ( texas ) ) ) ) )
how mani citi name austin are there in the usa ?	_answer ( A , _count ( B , ( _city ( B ) , _const ( B , _cityid ( austin , _ ) ) , _loc ( B , C ) , _const ( C , _countryid ( usa ) ) ) , A ) )
what are the major citi in the largest state ?	_answer ( A , ( _major ( A ) , _city ( A ) , _loc ( A , B ) , _largest ( B , _state ( B ) ) ) )
which state doe the colorado river run through ?	_answer ( A , ( _state ( A ) , _const ( B , _riverid ( colorado ) ) , _traverse ( B , A ) ) )
what is the largest citi in wisconsin ?	_answer ( A , _largest ( A , ( _city ( A ) , _loc ( A , B ) , _const ( B , _stateid ( wisconsin ) ) ) ) )
how big is alaska ?	_answer ( A , ( _size ( B , A ) , _const ( B , _stateid ( alaska ) ) ) )
what state contain the highest point in the us ?	_answer ( A , ( _state ( A ) , _loc ( B , A ) , _highest ( B , ( _place ( B ) , _loc ( B , C ) , _const ( C , _countryid ( usa ) ) ) ) ) )
how big is north dakota ?	_answer ( A , ( _size ( B , A ) , _const ( B , _stateid ( ' north dakota ' ) ) ) )
which river flow through alaska ?	_answer ( A , ( _river ( A ) , _traverse ( A , B ) , _const ( B , _stateid ( alaska ) ) ) )
what is the highest point in the us ?	_answer ( A , _highest ( A , ( _place ( A ) , _loc ( A , B ) , _const ( B , _countryid ( usa ) ) ) ) )
what is the shortest river in texas ?	_answer ( A , _shortest ( A , ( _river ( A ) , _loc ( A , B ) , _const ( B , _stateid ( texas ) ) ) ) )
what are the major citi in the state through which the major river in virginia run ?	_answer ( A , ( _major ( A ) , _city ( A ) , _loc ( A , B ) , _state ( B ) , _river ( C ) , _loc ( C , D ) , _const ( D , _stateid ( virginia ) ) , _traverse ( C , B ) ) )
what river are in oregon ?	_answer ( A , ( _river ( A ) , _loc ( A , B ) , _const ( B , _stateid ( oregon ) ) ) )
what is the lowest point in the united states ?	_answer ( A , _lowest ( A , ( _place ( A ) , _loc ( A , B ) , _const ( B , _countryid ( usa ) ) ) ) )
how mani state have citi or town name springfield ?	_answer ( A , _count ( B , ( _state ( B ) , _loc ( C , B ) , _city ( C ) , _const ( C , _cityid ( springfield , _ ) ) ) , A ) )
what is the popul of south dakota ?	_answer ( A , ( _population ( B , A ) , _const ( B , _stateid ( ' south dakota ' ) ) ) )
what is the capit of the state with the highest point ?	_answer ( A , ( _capital ( A ) , _loc ( A , B ) , _highest ( C , ( _state ( B ) , _loc ( C , B ) , _place ( C ) ) ) ) )
what state has the highest elev ?	_answer ( A , _highest ( B , ( _state ( A ) , _loc ( B , A ) , _place ( B ) ) ) )
what state are next to texas ?	_answer ( A , ( _state ( A ) , _next_to ( A , B ) , _const ( B , _stateid ( texas ) ) ) )
what is the longest river that pass the state that border the state that border the most state ?	_answer ( A , _longest ( A , ( _river ( A ) , _traverse ( A , B ) , _state ( B ) , _next_to ( B , C ) , _most ( C , D , ( _state ( C ) , _next_to ( C , D ) , _state ( D ) ) ) ) ) )
which state border hawaii ?	_answer ( A , ( _state ( A ) , _next_to ( A , B ) , _const ( B , _stateid ( hawaii ) ) ) )
how mani major citi are there in oregon ?	_answer ( A , _count ( B , ( _major ( B ) , _city ( B ) , _loc ( B , C ) , _const ( C , _stateid ( oregon ) ) ) , A ) )
what is the popul of springfield south dakota ?	_answer ( A , ( _population ( B , A ) , _const ( B , _cityid ( springfield , sd ) ) ) )
how mani river run through texas ?	_answer ( A , _count ( B , ( _river ( B ) , _traverse ( B , C ) , _const ( C , _stateid ( texas ) ) ) , A ) )
what state has the most major river run through it ?	_answer ( A , _most ( A , B , ( _state ( A ) , _loc ( B , A ) , _major ( B ) , _river ( B ) , _traverse ( B , A ) ) ) )
what are the lake in state border texas ?	_answer ( A , ( _lake ( A ) , _loc ( A , B ) , _state ( B ) , _next_to ( B , C ) , _const ( C , _stateid ( texas ) ) ) )
peopl in boulder ?	_answer ( A , ( _population ( B , A ) , _const ( B , _cityid ( boulder , _ ) ) ) )
what river are in nevada ?	_answer ( A , ( _river ( A ) , _loc ( A , B ) , _const ( B , _stateid ( nevada ) ) ) )
where is fort wayne ?	_answer ( A , ( _loc ( B , A ) , _const ( B , _cityid ( ' fort wayne ' , _ ) ) ) )
where is indianapolis ?	_answer ( A , ( _loc ( B , A ) , _const ( B , _cityid ( indianapolis , _ ) ) ) )
what state border state that border state that border state that border texas ?	_answer ( A , ( _state ( A ) , _next_to ( A , B ) , _state ( B ) , _next_to ( B , C ) , _state ( C ) , _next_to ( C , D ) , _state ( D ) , _next_to ( D , E ) , _const ( E , _stateid ( texas ) ) ) )
popul of boulder ?	_answer ( A , ( _population ( B , A ) , _const ( B , _cityid ( boulder , _ ) ) ) )
what are the major citi of the united states ?	_answer ( A , ( _major ( A ) , _city ( A ) , _loc ( A , B ) , _const ( B , _countryid ( usa ) ) ) )
show major citi in colorado ?	_answer ( A , ( _major ( A ) , _city ( A ) , _loc ( A , B ) , _const ( B , _stateid ( colorado ) ) ) )
what state is columbus the capit of ?	_answer ( A , ( _state ( A ) , _const ( B , _cityid ( columbus , _ ) ) , _capital ( B ) , _loc ( B , A ) ) )
what is the area of all the state combin ?	_answer ( A , _sum ( C , _state ( C ) , _area ( C ) , A ) )
what is the averag popul per squar km in the us ?	_answer ( A , ( _density ( B , A ) , _const ( B , _countryid ( usa ) ) ) )
what is the largest state that border california ?	_answer ( A , _largest ( A , ( _state ( A ) , _next_to ( A , B ) , _const ( B , _stateid ( california ) ) ) ) )
what is the popul of montana ?	_answer ( A , ( _population ( B , A ) , _const ( B , _stateid ( montana ) ) ) )
what are the popul of all the major citi in montana ?	_answer ( A , ( _population ( B , A ) , _major ( B ) , _city ( B ) , _loc ( B , C ) , _const ( C , _stateid ( montana ) ) ) )
which river run through the state with the lowest elev in the usa ?	_answer ( A , ( _river ( A ) , _traverse ( A , B ) , _state ( B ) , _loc ( C , B ) , _lowest ( C , ( _place ( C ) , _loc ( C , D ) , _const ( D , _countryid ( usa ) ) ) ) ) )
what river flow through the largest state ?	_answer ( A , ( _river ( A ) , _traverse ( A , B ) , _largest ( B , _state ( B ) ) ) )
what is the area of maine ?	_answer ( A , ( _area ( B , A ) , _const ( B , _stateid ( maine ) ) ) )
what are major river in texas ?	_answer ( A , ( _major ( A ) , _river ( A ) , _loc ( A , B ) , _const ( B , _stateid ( texas ) ) ) )
what is the popul densiti of the state with the smallest popul ?	_answer ( A , ( _density ( B , A ) , _smallest ( C , ( _state ( B ) , _population ( B , C ) ) ) ) )
what is the highest point in wyoming ?	_answer ( A , _highest ( A , ( _place ( A ) , _loc ( A , B ) , _const ( B , _stateid ( wyoming ) ) ) ) )
what state border delaware ?	_answer ( A , ( _state ( A ) , _next_to ( A , B ) , _const ( B , _stateid ( delaware ) ) ) )
which state has the most river run through it ?	_answer ( A , _most ( A , B , ( _state ( A ) , _loc ( B , A ) , _river ( B ) , _traverse ( B , A ) ) ) )
what is largest capit ?	_answer ( A , _largest ( A , _capital ( A ) ) )
what is the state with the largest popul densiti ?	_answer ( A , _largest ( B , ( _state ( A ) , _density ( A , B ) ) ) )
what state have town name springfield ?	_answer ( A , ( _state ( A ) , _loc ( B , A ) , _const ( B , _cityid ( springfield , _ ) ) ) )
what is the smallest citi in the largest state ?	_answer ( A , _smallest ( A , ( _city ( A ) , _loc ( A , B ) , _largest ( B , _state ( B ) ) ) ) )
what mountain are in alaska ?	_answer ( A , ( _mountain ( A ) , _loc ( A , B ) , _const ( B , _stateid ( alaska ) ) ) )
what river flow through colorado ?	_answer ( A , ( _river ( A ) , _traverse ( A , B ) , _const ( B , _stateid ( colorado ) ) ) )
which state has the least popul densiti ?	_answer ( A , _smallest ( B , ( _state ( A ) , _density ( A , B ) ) ) )
how mani inhabit doe montgomery have ?	_answer ( A , ( _population ( B , A ) , _const ( B , _cityid ( montgomery , _ ) ) ) )
what citi has the largest popul ?	_answer ( A , _largest ( B , ( _city ( A ) , _population ( A , B ) ) ) )
what is the largest state ?	_answer ( A , _largest ( A , _state ( A ) ) )
of the state wash by the mississippi river which has the lowest point ?	_answer ( A , _lowest ( B , ( _state ( A ) , _traverse ( C , A ) , _const ( C , _riverid ( mississippi ) ) , _loc ( B , A ) , _place ( B ) ) ) )
what is the area of the state with the smallest popul densiti ?	_answer ( A , ( _area ( B , A ) , _smallest ( C , ( _state ( B ) , _density ( B , C ) ) ) ) )
which state contain most river ?	_answer ( A , _most ( A , B , ( _state ( A ) , _loc ( B , A ) , _river ( B ) ) ) )
what is the longest river in mississippi ?	_answer ( A , _longest ( A , ( _river ( A ) , _loc ( A , B ) , _const ( B , _stateid ( mississippi ) ) ) ) )
what is the capit of the largest state ?	_answer ( A , ( _capital ( A ) , _loc ( A , B ) , _largest ( B , _state ( B ) ) ) )
what state has the largest popul ?	_answer ( A , _largest ( B , ( _state ( A ) , _population ( A , B ) ) ) )
name the river in arkansas ?	_answer ( A , ( _river ( A ) , _loc ( A , B ) , _const ( B , _stateid ( arkansas ) ) ) )
what are the popul of state through which the mississippi run ?	_answer ( A , ( _population ( B , A ) , _state ( B ) , _const ( C , _riverid ( mississippi ) ) , _traverse ( C , B ) ) )
what is the popul of arizona ?	_answer ( A , ( _population ( B , A ) , _const ( B , _stateid ( arizona ) ) ) )
what state border the state with the smallest popul ?	_answer ( A , ( _state ( A ) , _next_to ( A , B ) , _smallest ( C , ( _state ( B ) , _population ( B , C ) ) ) ) )
what is the total area of the usa ?	_answer ( A , ( _area ( B , A ) , _const ( B , _countryid ( usa ) ) ) )
what is the popul of seattle washington ?	_answer ( A , ( _population ( B , A ) , _const ( B , _cityid ( seattle , wa ) ) ) )
what is the size of the largest state in the usa ?	_answer ( A , ( _size ( B , A ) , _largest ( B , ( _state ( B ) , _loc ( B , C ) , _const ( C , _countryid ( usa ) ) ) ) ) )
what state has the capit salem ?	_answer ( A , ( _state ( A ) , _loc ( B , A ) , _capital ( B ) , _const ( B , _cityid ( salem , _ ) ) ) )
which is the lowest point of the state that the mississippi runs through ?	_answer ( B , _lowest ( B , ( _place ( B ) , _loc ( B , A ) , _state ( A ) , _const ( C , _riverid ( mississippi ) ) , _traverse ( C , A ) ) ) )
how mani major citi are in texas ?	_answer ( A , _count ( B , ( _major ( B ) , _city ( B ) , _loc ( B , C ) , _const ( C , _stateid ( texas ) ) ) , A ) )
what is the capit citi of the largest state in the us ?	_answer ( A , ( _capital ( A ) , _city ( A ) , _loc ( A , B ) , _largest ( B , ( _state ( B ) , _loc ( B , C ) , _const ( C , _countryid ( usa ) ) ) ) ) )
what are the major citi in rhode island ?	_answer ( A , ( _major ( A ) , _city ( A ) , _loc ( A , B ) , _const ( B , _stateid ( ' rhode island ' ) ) ) )
what state has the most peopl ?	_answer ( A , _largest ( B , ( _state ( A ) , _population ( A , B ) ) ) )
what is the largest citi of kansas ?	_answer ( A , _largest ( A , ( _city ( A ) , _loc ( A , B ) , _const ( B , _stateid ( kansas ) ) ) ) )
what is the area of the state with the capit albany ?	_answer ( A , ( _area ( B , A ) , _state ( B ) , _loc ( C , B ) , _capital ( C ) , _const ( C , _cityid ( albany , _ ) ) ) )
what is the longest river that flow through colorado ?	_answer ( A , _longest ( A , ( _river ( A ) , _traverse ( A , B ) , _const ( B , _stateid ( colorado ) ) ) ) )
how mani river doe alaska have ?	_answer ( A , _count ( B , ( _river ( B ) , _const ( C , _stateid ( alaska ) ) , _loc ( B , C ) ) , A ) )
how big is massachusetts ?	_answer ( A , ( _size ( B , A ) , _const ( B , _stateid ( massachusetts ) ) ) )
how larg is the largest citi in alaska ?	_answer ( A , ( _size ( B , A ) , _largest ( B , ( _city ( B ) , _loc ( B , C ) , _const ( C , _stateid ( alaska ) ) ) ) ) )
how mani citi are there in usa ?	_answer ( A , _count ( B , ( _city ( B ) , _loc ( B , C ) , _const ( C , _countryid ( usa ) ) ) , A ) )
what state capit is dover ?	_answer ( A , ( _state ( A ) , _capital ( A , B ) , _const ( B , _cityid ( dover , _ ) ) ) )
what state border new hampshire ?	_answer ( A , ( _state ( A ) , _next_to ( A , B ) , _const ( B , _stateid ( ' new hampshire ' ) ) ) )
what is the shortest river in nebraska ?	_answer ( A , _shortest ( A , ( _river ( A ) , _loc ( A , B ) , _const ( B , _stateid ( nebraska ) ) ) ) )
how mani state border hawaii ?	_answer ( A , _count ( B , ( _state ( B ) , _next_to ( B , C ) , _const ( C , _stateid ( hawaii ) ) ) , A ) )
what state is dallas in ?	_answer ( A , ( _state ( A ) , _const ( B , _cityid ( dallas , _ ) ) , _loc ( B , A ) ) )
what citi has the least popul ?	_answer ( A , _smallest ( B , ( _city ( A ) , _population ( A , B ) ) ) )
how mani peopl stay in utah ?	_answer ( A , ( _population ( B , A ) , _const ( B , _stateid ( utah ) ) ) )
what state has the sparsest popul densiti ?	_answer ( A , _smallest ( B , ( _state ( A ) , _density ( A , B ) ) ) )
what is the largest state that border the state with the lowest point in the usa ?	_answer ( A , _largest ( A , ( _state ( A ) , _next_to ( A , B ) , _state ( B ) , _loc ( C , B ) , _lowest ( C , ( _place ( C ) , _loc ( C , D ) , _const ( D , _countryid ( usa ) ) ) ) ) ) )
what is the largest citi in texas ?	_answer ( A , _largest ( A , ( _city ( A ) , _loc ( A , B ) , _const ( B , _stateid ( texas ) ) ) ) )
what is the largest state in the us ?	_answer ( A , _largest ( A , ( _state ( A ) , _loc ( A , B ) , _const ( B , _countryid ( usa ) ) ) ) )
which state has the most peopl ?	_answer ( A , _largest ( B , ( _state ( A ) , _population ( A , B ) ) ) )
what river are in new mexico ?	_answer ( A , ( _river ( A ) , _loc ( A , B ) , _const ( B , _stateid ( ' new mexico ' ) ) ) )
what is the area of maryland in squar kilomet ?	_answer ( A , ( _area ( B , A ) , _const ( B , _stateid ( maryland ) ) ) )
how mani state are there in united states ?	_answer ( A , _count ( B , ( _state ( B ) , _loc ( B , C ) , _const ( C , _countryid ( usa ) ) ) , A ) )
how mani major citi are in state border nebraska ?	_answer ( A , _count ( B , ( _major ( B ) , _city ( B ) , _loc ( B , C ) , _state ( C ) , _next_to ( C , D ) , _const ( D , _stateid ( nebraska ) ) ) , A ) )
what is the popul of the largest state ?	_answer ( A , ( _population ( B , A ) , _largest ( B , _state ( B ) ) ) )
what is the size of florida ?	_answer ( A , ( _size ( B , A ) , _const ( B , _stateid ( florida ) ) ) )
how mani river are in missouri ?	_answer ( A , _count ( B , ( _river ( B ) , _loc ( B , C ) , _const ( C , _stateid ( missouri ) ) ) , A ) )
how mani river are there in texas ?	_answer ( A , _count ( B , ( _river ( B ) , _loc ( B , C ) , _const ( C , _stateid ( texas ) ) ) , A ) )
what is the highest point in the state with the capit des moines ?	_answer ( A , _highest ( A , ( _place ( A ) , _loc ( A , B ) , _state ( B ) , _loc ( C , B ) , _capital ( C ) , _const ( C , _cityid ( ' des moines ' , _ ) ) ) ) )
what is the popul of seattle ?	_answer ( A , ( _population ( B , A ) , _const ( B , _cityid ( seattle , _ ) ) ) )
what is the highest point in colorado ?	_answer ( A , _highest ( A , ( _place ( A ) , _loc ( A , B ) , _const ( B , _stateid ( colorado ) ) ) ) )
which state border arizona ?	_answer ( A , ( _state ( A ) , _next_to ( A , B ) , _const ( B , _stateid ( arizona ) ) ) )
what river run through the state with the lowest point in the usa ?	_answer ( A , ( _river ( A ) , _traverse ( A , B ) , _state ( B ) , _loc ( C , B ) , _lowest ( C , ( _place ( C ) , _loc ( C , D ) , _const ( D , _countryid ( usa ) ) ) ) ) )
what is the popul of minnesota ?	_answer ( A , ( _population ( B , A ) , _const ( B , _stateid ( minnesota ) ) ) )
what state has the citi with the most popul ?	_answer ( A , ( _state ( A ) , _loc ( B , A ) , _largest ( C , ( _city ( B ) , _population ( B , C ) ) ) ) )
which state have a major citi name austin ?	_answer ( A , ( _state ( A ) , _loc ( B , A ) , _major ( B ) , _city ( B ) , _const ( B , _cityid ( austin , _ ) ) ) )
which state have point higher than the highest point in colorado ?	_answer ( A , ( _state ( A ) , _loc ( B , A ) , _place ( B ) , _higher ( B , C ) , _highest ( C , ( _place ( C ) , _loc ( C , D ) , _const ( D , _stateid ( colorado ) ) ) ) ) )
what is the highest point in the state with the smallest popul ?	_answer ( A , _highest ( A , ( _place ( A ) , _loc ( A , B ) , _smallest ( C , ( _state ( B ) , _population ( B , C ) ) ) ) ) )
where is new hampshire ?	_answer ( A , ( _loc ( B , A ) , _const ( B , _stateid ( ' new hampshire ' ) ) ) )
which state border florida ?	_answer ( A , ( _state ( A ) , _next_to ( A , B ) , _const ( B , _stateid ( florida ) ) ) )
how mani river in texas are longer than the red ?	_answer ( A , _count ( B , ( _river ( B ) , _loc ( B , C ) , _const ( C , _stateid ( texas ) ) , _longer ( B , D ) , _const ( D , _riverid ( red ) ) ) , A ) )
how mani river do not travers the state with the capit albany ?	_answer ( A , _count ( B , ( _river ( B ) , \+ ( _traverse ( B , C ) , _state ( C ) , _loc ( D , C ) , _capital ( D ) , _const ( D , _cityid ( albany , _ ) ) ) ) , A ) )
what are the popul of the state through which the mississippi run ?	_answer ( A , ( _population ( B , A ) , _state ( B ) , _const ( C , _riverid ( mississippi ) ) , _traverse ( C , B ) ) )
through which state doe the mississippi run ?	_answer ( A , ( _state ( A ) , _const ( B , _riverid ( mississippi ) ) , _traverse ( B , A ) ) )
what state are next to the mississippi ?	_answer ( A , ( _state ( A ) , _next_to ( A , B ) , _const ( B , _stateid ( mississippi ) ) ) )
give me the citi in virginia ?	_answer ( A , ( _city ( A ) , _loc ( A , B ) , _const ( B , _stateid ( virginia ) ) ) )
what are the capit citi of the state which border texas ?	_answer ( A , ( _capital ( A ) , _city ( A ) , _loc ( A , B ) , _state ( B ) , _next_to ( B , C ) , _const ( C , _stateid ( texas ) ) ) )
what state that border texas has the highest popul ?	_answer ( A , _largest ( B , ( _state ( A ) , _next_to ( A , C ) , _const ( C , _stateid ( texas ) ) , _population ( A , B ) ) ) )
what state is the state with the most river ?	_answer ( A , ( _state ( A ) , _most ( A , B , ( _state ( A ) , _loc ( B , A ) , _river ( B ) ) ) ) )
what state has the least popul densiti ?	_answer ( A , _smallest ( B , ( _state ( A ) , _density ( A , B ) ) ) )
what are the major citi in ohio ?	_answer ( A , ( _major ( A ) , _city ( A ) , _loc ( A , B ) , _const ( B , _stateid ( ohio ) ) ) )
which state doe the missouri river run through ?	_answer ( A , ( _state ( A ) , _const ( B , _riverid ( missouri ) ) , _river ( B ) , _traverse ( B , A ) ) )
what is the biggest citi in arizona ?	_answer ( A , _largest ( A , ( _city ( A ) , _loc ( A , B ) , _const ( B , _stateid ( arizona ) ) ) ) )
how mani peopl live in hawaii ?	_answer ( A , ( _population ( B , A ) , _const ( B , _stateid ( hawaii ) ) ) )
how mani peopl live in the smallest state border wyoming ?	_answer ( A , ( _population ( B , A ) , _smallest ( B , ( _state ( B ) , _next_to ( B , C ) , _const ( C , _stateid ( wyoming ) ) ) ) ) )
what is the name of the state with the lowest point ?	_answer ( A , ( _state ( A ) , _loc ( B , A ) , _lowest ( B , _place ( B ) ) ) )
what river flow through missouri ?	_answer ( A , ( _river ( A ) , _traverse ( A , B ) , _const ( B , _stateid ( missouri ) ) ) )
what is the elev of death valley ?	_answer ( A , ( _elevation ( B , A ) , _const ( B , _placeid ( ' death valley ' ) ) ) )
what river flow through texas ?	_answer ( A , ( _river ( A ) , _traverse ( A , B ) , _const ( B , _stateid ( texas ) ) ) )
how high are the highest point of all the state ?	_answer ( A , ( _elevation ( B , A ) , _highest ( B , ( _place ( B ) , _loc ( B , C ) , _state ( C ) ) ) ) )
what is the capit of new hampshire ?	_answer ( A , ( _capital ( A ) , _loc ( A , B ) , _const ( B , _stateid ( ' new hampshire ' ) ) ) )
how long is the rio grande river ?	_answer ( A , ( _len ( B , A ) , _const ( B , _riverid ( ' rio grande ' ) ) , _river ( B ) ) )
which state border most state ?	_answer ( A , _most ( A , B , ( _state ( A ) , _next_to ( A , B ) , _state ( B ) ) ) )
how mani state doe missouri border ?	_answer ( A , _count ( B , ( _state ( B ) , _const ( C , _stateid ( missouri ) ) , _next_to ( C , B ) ) , A ) )
where is austin ?	_answer ( A , ( _loc ( B , A ) , _const ( B , _cityid ( austin , _ ) ) ) )
how high is the highest point of delaware ?	_answer ( A , ( _elevation ( B , A ) , _highest ( B , ( _place ( B ) , _loc ( B , C ) , _const ( C , _stateid ( delaware ) ) ) ) ) )
where is the highest point in montana ?	_answer ( A , _highest ( A , ( _place ( A ) , _loc ( A , B ) , _const ( B , _stateid ( montana ) ) ) ) )
what state border state that border the state with the largest popul ?	_answer ( A , ( _state ( A ) , _next_to ( A , B ) , _state ( B ) , _next_to ( B , C ) , _largest ( D , ( _state ( C ) , _population ( C , D ) ) ) ) )
what is the height of the highest mountain in texas ?	_answer ( A , ( _elevation ( B , A ) , _highest ( B , ( _mountain ( B ) , _loc ( B , C ) , _const ( C , _stateid ( texas ) ) ) ) ) )
what state has the citi flint ?	_answer ( A , ( _state ( A ) , _loc ( B , A ) , _city ( B ) , _const ( B , _cityid ( flint , _ ) ) ) )
what is the state with the largest densiti in usa ?	_answer ( A , _largest ( B , ( _state ( A ) , _density ( A , B ) , _loc ( A , C ) , _const ( C , _countryid ( usa ) ) ) ) )
what citi in texas have the highest number of citizen ?	_answer ( A , _largest ( B , ( _city ( A ) , _loc ( A , C ) , _const ( C , _stateid ( texas ) ) , _population ( A , B ) ) ) )
what state border missouri ?	_answer ( A , ( _state ( A ) , _next_to ( A , B ) , _const ( B , _stateid ( missouri ) ) ) )
give me the largest state ?	_answer ( A , _largest ( A , _state ( A ) ) )
which state has the sparsest popul densiti ?	_answer ( A , _smallest ( B , ( _state ( A ) , _density ( A , B ) ) ) )
which state border alabama ?	_answer ( A , ( _state ( A ) , _next_to ( A , B ) , _const ( B , _stateid ( alabama ) ) ) )
what river flow through state that alabama border ?	_answer ( A , ( _river ( A ) , _traverse ( A , B ) , _state ( B ) , _const ( C , _stateid ( alabama ) ) , _next_to ( C , B ) ) )
what are the major citi in wyoming ?	_answer ( A , ( _major ( A ) , _city ( A ) , _loc ( A , B ) , _const ( B , _stateid ( wyoming ) ) ) )
what are the highest point of state surround mississippi ?	_answer ( A , _highest ( A , ( _place ( A ) , _loc ( A , B ) , _state ( B ) , _next_to ( B , C ) , _const ( C , _stateid ( mississippi ) ) ) ) )
through which state doe the mississippi flow ?	_answer ( A , ( _state ( A ) , _const ( B , _riverid ( mississippi ) ) , _traverse ( B , A ) ) )
where is scotts valley ?	_answer ( A , ( _loc ( B , A ) , _const ( B , _cityid ( ' scotts valley ' , _ ) ) ) )
what are the major lake in united states ?	_answer ( A , ( _major ( A ) , _lake ( A ) , _loc ( A , B ) , _const ( B , _countryid ( usa ) ) ) )
what is the largest citi in missouri ?	_answer ( A , _largest ( A , ( _city ( A ) , _loc ( A , B ) , _const ( B , _stateid ( missouri ) ) ) ) )
what state border alaska ?	_answer ( A , ( _state ( A ) , _next_to ( A , B ) , _const ( B , _stateid ( alaska ) ) ) )
what state has the largest citi ?	_answer ( A , _largest ( B , ( _state ( A ) , _loc ( B , A ) , _city ( B ) ) ) )
what river run through maine ?	_answer ( A , ( _river ( A ) , _traverse ( A , B ) , _const ( B , _stateid ( maine ) ) ) )
give me the lake in california ?	_answer ( A , ( _lake ( A ) , _loc ( A , B ) , _const ( B , _stateid ( california ) ) ) )
what is the combin popul of all 50 state ?	_answer ( A , _sum ( C , _state ( C ) , _population ( C ) , A ) )
how high is the highest point of louisiana ?	_answer ( A , ( _elevation ( B , A ) , _highest ( B , ( _place ( B ) , _loc ( B , C ) , _const ( C , _stateid ( louisiana ) ) ) ) ) )
what is the longest river in pennsylvania ?	_answer ( A , _longest ( A , ( _river ( A ) , _loc ( A , B ) , _const ( B , _stateid ( pennsylvania ) ) ) ) )
what is the capit of maryland ?	_answer ( A , ( _capital ( A ) , _loc ( A , B ) , _const ( B , _stateid ( maryland ) ) ) )
what state is the biggest ?	_answer ( A , _largest ( A , _state ( A ) ) )
which state border iowa ?	_answer ( A , ( _state ( A ) , _next_to ( A , B ) , _const ( B , _stateid ( iowa ) ) ) )
which state border alaska ?	_answer ( A , ( _state ( A ) , _next_to ( A , B ) , _const ( B , _stateid ( alaska ) ) ) )
what is the largest state in usa ?	_answer ( A , _largest ( A , ( _state ( A ) , _loc ( A , B ) , _const ( B , _countryid ( usa ) ) ) ) )
what are the major citi in california ?	_answer ( A , ( _major ( A ) , _city ( A ) , _loc ( A , B ) , _const ( B , _stateid ( california ) ) ) )
what is the largest state travers by the mississippi river ?	_answer ( A , _largest ( A , ( _state ( A ) , _traverse ( B , A ) , _const ( B , _riverid ( mississippi ) ) ) ) )
which river run through state border new mexico ?	_answer ( A , ( _river ( A ) , _traverse ( A , B ) , _state ( B ) , _next_to ( B , C ) , _const ( C , _stateid ( ' new mexico ' ) ) ) )
what is the lowest point in the state of texas ?	_answer ( A , _lowest ( A , ( _place ( A ) , _loc ( A , B ) , _state ( B ) , _const ( B , _stateid ( texas ) ) ) ) )
what is the smallest state border ohio ?	_answer ( A , _smallest ( A , ( _state ( A ) , _next_to ( A , B ) , _const ( B , _stateid ( ohio ) ) ) ) )
how mani state are next to major river ?	_answer ( A , _count ( B , ( _state ( B ) , _next_to ( B , C ) , _major ( C ) , _river ( C ) ) , A ) )
what is the lowest point of the us ?	_answer ( A , _lowest ( A , ( _place ( A ) , _loc ( A , B ) , _const ( B , _countryid ( usa ) ) ) ) )
which state has the greatest densiti ?	_answer ( A , _largest ( B , ( _state ( A ) , _density ( A , B ) ) ) )
how mani state border the largest state ?	_answer ( A , _count ( B , ( _state ( B ) , _next_to ( B , C ) , _largest ( C , _state ( C ) ) ) , A ) )
what is the longest river that doe not run through texas ?	_answer ( A , _longest ( A , ( _river ( A ) , \+ ( _traverse ( A , B ) , _const ( B , _stateid ( texas ) ) ) ) ) )
give me all the state of usa ?	_answer ( A , ( _state ( A ) , _loc ( A , B ) , _const ( B , _countryid ( usa ) ) ) )
what is the densiti of texas ?	_answer ( A , ( _density ( B , A ) , _const ( B , _stateid ( texas ) ) ) )
what is the smallest citi of the smallest state in the us ?	_answer ( A , _smallest ( A , ( _city ( A ) , _loc ( A , B ) , _smallest ( B , ( _state ( B ) , _loc ( B , C ) , _const ( C , _countryid ( usa ) ) ) ) ) ) )
what is the highest point in kansas ?	_answer ( A , _highest ( A , ( _place ( A ) , _loc ( A , B ) , _const ( B , _stateid ( kansas ) ) ) ) )
what is the popul in boston ?	_answer ( A , ( _population ( B , A ) , _const ( B , _cityid ( boston , _ ) ) ) )
how mani peopl are in the state of nevada ?	_answer ( A , ( _population ( B , A ) , _const ( B , _stateid ( nevada ) ) ) )
what is the popul densiti of texas ?	_answer ( A , ( _density ( B , A ) , _const ( B , _stateid ( texas ) ) ) )
how mani peopl live in washington dc ?	_answer ( A , ( _population ( B , A ) , _const ( B , _cityid ( washington , dc ) ) ) )
give me the citi in texas ?	_answer ( A , ( _city ( A ) , _loc ( A , B ) , _const ( B , _stateid ( texas ) ) ) )
how long is the shortest river in the usa ?	_answer ( A , ( _len ( B , A ) , _shortest ( B , ( _river ( B ) , _loc ( B , C ) , _const ( C , _countryid ( usa ) ) ) ) ) )
how mani state have major river ?	_answer ( A , _count ( B , ( _state ( B ) , _loc ( C , B ) , _major ( C ) , _river ( C ) ) , A ) )
what is the popul densiti of the smallest state ?	_answer ( A , ( _density ( B , A ) , _smallest ( B , _state ( B ) ) ) )
which state border michigan ?	_answer ( A , ( _state ( A ) , _next_to ( A , B ) , _const ( B , _stateid ( michigan ) ) ) )
what citi in texas have the highest popul ?	_answer ( A , _largest ( B , ( _city ( A ) , _loc ( A , C ) , _const ( C , _stateid ( texas ) ) , _population ( A , B ) ) ) )
what river run through the state that border the state with the capit atlanta ?	_answer ( A , ( _river ( A ) , _traverse ( A , B ) , _state ( B ) , _next_to ( B , C ) , _state ( C ) , _loc ( D , C ) , _capital ( D ) , _const ( D , _cityid ( atlanta , _ ) ) ) )
what is the highest point in the country ?	_answer ( A , _highest ( A , ( _place ( A ) , _loc ( A , B ) , _const ( B , _countryid ( usa ) ) ) ) )
how mani peopl live in kalamazoo ?	_answer ( A , ( _population ( B , A ) , _const ( B , _cityid ( kalamazoo , _ ) ) ) )
how mani major citi are in florida ?	_answer ( A , _count ( B , ( _major ( B ) , _city ( B ) , _loc ( B , C ) , _const ( C , _stateid ( florida ) ) ) , A ) )
what state has the greatest popul densiti ?	_answer ( A , _largest ( B , ( _state ( A ) , _density ( A , B ) ) ) )
how mani river are found in colorado ?	_answer ( A , _count ( B , ( _river ( B ) , _loc ( B , C ) , _const ( C , _stateid ( colorado ) ) ) , A ) )
what is the lowest point of the state with the largest area ?	_answer ( A , _lowest ( A , ( _place ( A ) , _loc ( A , B ) , _largest ( C , ( _state ( B ) , _area ( B , C ) ) ) ) ) )
what state border texas ?	_answer ( A , ( _state ( A ) , _next_to ( A , B ) , _const ( B , _stateid ( texas ) ) ) )
how mani state border at least one other state ?	_answer ( A , _count ( B , ( _state ( B ) , _next_to ( B , C ) , _state ( C ) ) , A ) )
which state border no other state ?	_answer ( A , ( _state ( A ) , \+ ( _next_to ( A , B ) , _state ( B ) ) ) )
what river run through austin texas ?	_answer ( A , ( _river ( A ) , _traverse ( A , B ) , _const ( B , _cityid ( austin , tx ) ) ) )
how mani peopl live in new hampshire ?	_answer ( A , ( _population ( B , A ) , _const ( B , _stateid ( ' new hampshire ' ) ) ) )
what is the capit of indiana ?	_answer ( A , ( _capital ( A ) , _loc ( A , B ) , _const ( B , _stateid ( indiana ) ) ) )
what state border the state with the most citi ?	_answer ( A , ( _state ( A ) , _next_to ( A , B ) , _most ( B , C , ( _state ( B ) , _loc ( C , B ) , _city ( C ) ) ) ) )
what is the area of the smallest state ?	_answer ( A , ( _area ( B , A ) , _smallest ( B , _state ( B ) ) ) )
which state border new york ?	_answer ( A , ( _state ( A ) , _next_to ( A , B ) , _const ( B , _stateid ( ' new york ' ) ) ) )
what is the popul of maine ?	_answer ( A , ( _population ( B , A ) , _const ( B , _stateid ( maine ) ) ) )
what is the biggest citi in the smallest state ?	_answer ( A , _largest ( A , ( _city ( A ) , _loc ( A , B ) , _smallest ( B , _state ( B ) ) ) ) )
what is the elev of the highest point in the usa ?	_answer ( A , ( _elevation ( B , A ) , _highest ( B , ( _place ( B ) , _loc ( B , C ) , _const ( C , _countryid ( usa ) ) ) ) ) )
what state border the least state exclud alaska and exclud hawaii ?	_answer ( A , _fewest ( A , B , ( _state ( A ) , _next_to ( A , B ) , _state ( B ) , \+ _const ( A , _stateid ( alaska ) ) , \+ _const ( A , _stateid ( hawaii ) ) ) ) )
what is the highest point in new mexico ?	_answer ( A , _highest ( A , ( _place ( A ) , _loc ( A , B ) , _const ( B , _stateid ( ' new mexico ' ) ) ) ) )
what is the biggest state ?	_answer ( A , _largest ( A , _state ( A ) ) )
how mani peopl live in spokane washington ?	_answer ( A , ( _population ( B , A ) , _const ( B , _cityid ( spokane , wa ) ) ) )
what state doe the shortest river run through ?	_answer ( A , ( _state ( A ) , _shortest ( B , _river ( B ) ) , _traverse ( B , A ) ) )
how long is rio grande ?	_answer ( A , ( _len ( B , A ) , _const ( B , _riverid ( ' rio grande ' ) ) ) )
how mani peopl live in texas ?	_answer ( A , ( _population ( B , A ) , _const ( B , _stateid ( texas ) ) ) )
where is the lowest spot in iowa ?	_answer ( A , _lowest ( A , ( _place ( A ) , _loc ( A , B ) , _const ( B , _stateid ( iowa ) ) ) ) )
what are the popul of the state through which the mississippi river run ?	_answer ( A , ( _population ( B , A ) , _state ( B ) , _const ( C , _riverid ( mississippi ) ) , _river ( C ) , _traverse ( C , B ) ) )
what is the lowest point in oregon ?	_answer ( A , _lowest ( A , ( _place ( A ) , _loc ( A , B ) , _const ( B , _stateid ( oregon ) ) ) ) )
what is the shortest river in alaska ?	_answer ( A , _shortest ( A , ( _river ( A ) , _loc ( A , B ) , _const ( B , _stateid ( alaska ) ) ) ) )
how mani state border the mississippi river ?	_answer ( A , _count ( B , ( _state ( B ) , _next_to ( B , C ) , _const ( C , _riverid ( mississippi ) ) , _river ( C ) ) , A ) )
what is the most popul capit in the usa ?	_answer ( A , _largest ( B , ( _population ( A , B ) , _capital ( A ) , _loc ( A , C ) , _const ( C , _countryid ( usa ) ) ) ) )
what is the highest point in ohio ?	_answer ( A , _highest ( A , ( _place ( A ) , _loc ( A , B ) , _const ( B , _stateid ( ohio ) ) ) ) )
what state border wisconsin ?	_answer ( A , ( _state ( A ) , _next_to ( A , B ) , _const ( B , _stateid ( wisconsin ) ) ) )
what state have a capit that is the highest point in the state ?	_answer ( A , ( _state ( A ) , _loc ( B , A ) , _capital ( B ) , _high_point ( A , B ) ) )
how mani state border colorado and border new mexico ?	_answer ( A , _count ( B , ( _state ( B ) , _next_to ( B , C ) , _const ( C , _stateid ( colorado ) ) , _next_to ( B , D ) , _const ( D , _stateid ( ' new mexico ' ) ) ) , A ) )
what are the major citi in missouri ?	_answer ( A , ( _major ( A ) , _city ( A ) , _loc ( A , B ) , _const ( B , _stateid ( missouri ) ) ) )
what are the major citi of texas ?	_answer ( A , ( _major ( A ) , _city ( A ) , _loc ( A , B ) , _const ( B , _stateid ( texas ) ) ) )
how mani rivers are called colorado ?	_answer ( A , _count ( B , ( _river ( B ) , _const ( B , _riverid ( colorado ) ) ) , A ) )
how high is the highest point in montana ?	_answer ( A , ( _elevation ( B , A ) , _highest ( B , ( _place ( B ) , _loc ( B , C ) , _const ( C , _stateid ( montana ) ) ) ) ) )
how mani state have citi name austin ?	_answer ( A , _count ( B , ( _state ( B ) , _loc ( C , B ) , _city ( C ) , _const ( C , _cityid ( austin , _ ) ) ) , A ) )
which state doe the missouri river pass through ?	_answer ( A , ( _state ( A ) , _const ( B , _riverid ( missouri ) ) , _traverse ( B , A ) ) )
what is the biggest citi in the us ?	_answer ( A , _largest ( A , ( _city ( A ) , _loc ( A , B ) , _const ( B , _countryid ( usa ) ) ) ) )
how big is new mexico ?	_answer ( A , ( _size ( B , A ) , _const ( B , _stateid ( ' new mexico ' ) ) ) )
how mani peopl live in south dakota ?	_answer ( A , ( _population ( B , A ) , _const ( B , _stateid ( ' south dakota ' ) ) ) )
what state is pittsburgh in ?	_answer ( A , ( _state ( A ) , _const ( B , _cityid ( pittsburgh , _ ) ) , _loc ( B , A ) ) )
what river run through arizona ?	_answer ( A , ( _river ( A ) , _traverse ( A , B ) , _const ( B , _stateid ( arizona ) ) ) )
how mani major river cross ohio ?	_answer ( A , _count ( B , ( _major ( B ) , _river ( B ) , _traverse ( B , C ) , _const ( C , _stateid ( ohio ) ) ) , A ) )
how mani peopl in boulder ?	_answer ( A , ( _population ( B , A ) , _const ( B , _cityid ( boulder , _ ) ) ) )
how mani river are there in idaho ?	_answer ( A , _count ( B , ( _river ( B ) , _loc ( B , C ) , _const ( C , _stateid ( idaho ) ) ) , A ) )
sacramento is the capital of which state ?	_answer ( A , ( _const ( B , _cityid ( sacramento , _ ) ) , _capital ( B ) , _loc ( B , A ) , _state ( A ) ) )
how mani citi are there in us ?	_answer ( A , _count ( B , ( _city ( B ) , _loc ( B , C ) , _const ( C , _countryid ( usa ) ) ) , A ) )
how mani citizen live in california ?	_answer ( A , ( _population ( B , A ) , _const ( B , _stateid ( california ) ) ) )
what state has the largest urban popul ?	_answer ( A , _largest ( B , ( _state ( A ) , _population ( A , B ) ) ) )
what state border the mississippi river ?	_answer ( A , ( _state ( A ) , _next_to ( A , B ) , _const ( B , _riverid ( mississippi ) ) , _river ( B ) ) )
what can you tell me about the popul of missouri ?	_answer ( A , ( _population ( B , A ) , _const ( B , _stateid ( missouri ) ) ) )
what river do not run through tennessee ?	_answer ( A , ( _river ( A ) , \+ ( _traverse ( A , B ) , _const ( B , _stateid ( tennessee ) ) ) ) )
what is the largest citi in a state that border texas ?	_answer ( A , _largest ( A , ( _city ( A ) , _loc ( A , B ) , _state ( B ) , _next_to ( B , C ) , _const ( C , _stateid ( texas ) ) ) ) )
name the longest river in us ?	_answer ( A , _longest ( A , ( _river ( A ) , _loc ( A , B ) , _const ( B , _countryid ( usa ) ) ) ) )
how mani state doe the mississippi run through ?	_answer ( A , _count ( B , ( _state ( B ) , _const ( C , _riverid ( mississippi ) ) , _traverse ( C , B ) ) , A ) )
what is the largest of the state that the rio grande run through ?	_answer ( A , _largest ( A , ( _state ( A ) , _const ( B , _riverid ( ' rio grande ' ) ) , _traverse ( B , A ) ) ) )
what is the size of the capit of texas ?	_answer ( A , ( _size ( B , A ) , _capital ( B ) , _loc ( B , C ) , _const ( C , _stateid ( texas ) ) ) )
what state have river run through them ?	_answer ( A , ( _state ( A ) , _loc ( B , A ) , _river ( B ) , _traverse ( B , A ) ) )
what state border hawaii ?	_answer ( A , ( _state ( A ) , _next_to ( A , B ) , _const ( B , _stateid ( hawaii ) ) ) )
how mani citizen in boulder ?	_answer ( A , ( _population ( B , A ) , _const ( B , _cityid ( boulder , _ ) ) ) )
what state border state that border state that border florida ?	_answer ( A , ( _state ( A ) , _next_to ( A , B ) , _state ( B ) , _next_to ( B , C ) , _state ( C ) , _next_to ( C , D ) , _const ( D , _stateid ( florida ) ) ) )
which state border the longest river in the usa ?	_answer ( A , ( _state ( A ) , _next_to ( A , B ) , _longest ( B , ( _river ( B ) , _loc ( B , C ) , _const ( C , _countryid ( usa ) ) ) ) ) )
what is the popul densiti of wyoming ?	_answer ( A , ( _density ( B , A ) , _const ( B , _stateid ( wyoming ) ) ) )
how mani peopl are there in iowa ?	_answer ( A , ( _population ( B , A ) , _const ( B , _stateid ( iowa ) ) ) )
what is the highest point in the state with the most river ?	_answer ( A , _highest ( A , ( _place ( A ) , _loc ( A , B ) , _most ( B , C , ( _state ( B ) , _traverse ( C , B ) , _river ( C ) ) ) ) ) )
number of citizen in boulder ?	_answer ( A , ( _population ( B , A ) , _const ( B , _cityid ( boulder , _ ) ) ) )
what are the river of montana ?	_answer ( A , ( _river ( A ) , _loc ( A , B ) , _const ( B , _stateid ( montana ) ) ) )
how mani state border on the state whose capit is boston ?	_answer ( A , _count ( B , ( _state ( B ) , _next_to ( B , C ) , _state ( C ) , _loc ( D , C ) , _capital ( D ) , _const ( D , _cityid ( boston , _ ) ) ) , A ) )
how mani peopl live in washington ?	_answer ( A , ( _population ( B , A ) , _const ( B , _stateid ( washington ) ) ) )
what is the largest state capit in popul ?	_answer ( A , _largest ( B , ( _state ( C ) , _capital ( C , A ) , _population ( A , B ) ) ) )
what is the largest citi in state that border california ?	_answer ( A , _largest ( A , ( _city ( A ) , _loc ( A , B ) , _state ( B ) , _next_to ( B , C ) , _const ( C , _stateid ( california ) ) ) ) )
what is the most popul citi in wyoming ?	_answer ( A , _largest ( B , ( _population ( A , B ) , _city ( A ) , _loc ( A , C ) , _const ( C , _stateid ( wyoming ) ) ) ) )
what is the popul densiti in the state with capit austin ?	_answer ( A , ( _density ( B , A ) , _state ( B ) , _loc ( C , B ) , _capital ( C ) , _const ( C , _cityid ( austin , _ ) ) ) )
what is the popul of portland maine ?	_answer ( A , ( _population ( B , A ) , _const ( B , _cityid ( portland , me ) ) ) )
which state is kalamazoo in ?	_answer ( A , ( _state ( A ) , _const ( B , _cityid ( kalamazoo , _ ) ) , _loc ( B , A ) ) )
what is the popul of the largest state that border texas ?	_answer ( A , ( _population ( B , A ) , _largest ( B , ( _state ( B ) , _next_to ( B , C ) , _const ( C , _stateid ( texas ) ) ) ) ) )
what state border ohio ?	_answer ( A , ( _state ( A ) , _next_to ( A , B ) , _const ( B , _stateid ( ohio ) ) ) )
what river is the longest one in the united states ?	_answer ( A , _longest ( A , ( _river ( A ) , _loc ( A , B ) , _const ( B , _countryid ( usa ) ) ) ) )
what is the popul densiti of the state with the smallest area ?	_answer ( A , ( _density ( B , A ) , _smallest ( C , ( _state ( B ) , _area ( B , C ) ) ) ) )
what is the largest capit ?	_answer ( A , _largest ( A , _capital ( A ) ) )
what state has the smallest capit ?	_answer ( A , ( _state ( A ) , _loc ( B , A ) , _smallest ( B , _capital ( B ) ) ) )
how mani big citi are in pennsylvania ?	_answer ( A , _count ( B , ( _major ( B ) , _city ( B ) , _loc ( B , C ) , _const ( C , _stateid ( pennsylvania ) ) ) , A ) )
which state lie on the largest river in the united states ?	_answer ( A , ( _state ( A ) , _traverse ( B , A ) , _largest ( B , ( _river ( B ) , _loc ( B , C ) , _const ( C , _countryid ( usa ) ) ) ) ) )
where is houston ?	_answer ( A , ( _loc ( B , A ) , _const ( B , _cityid ( houston , _ ) ) ) )
what river flow through state that border the state with the largest popul ?	_answer ( A , ( _river ( A ) , _traverse ( A , B ) , _state ( B ) , _next_to ( B , C ) , _largest ( D , ( _state ( C ) , _population ( C , D ) ) ) ) )
what is the highest point in the smallest state ?	_answer ( A , _highest ( A , ( _place ( A ) , _loc ( A , B ) , _smallest ( B , _state ( B ) ) ) ) )
what river run through virginia ?	_answer ( A , ( _river ( A ) , _traverse ( A , B ) , _const ( B , _stateid ( virginia ) ) ) )
what state border michigan ?	_answer ( A , ( _state ( A ) , _next_to ( A , B ) , _const ( B , _stateid ( michigan ) ) ) )
name the major lake in michigan ?	_answer ( A , ( _major ( A ) , _lake ( A ) , _loc ( A , B ) , _const ( B , _stateid ( michigan ) ) ) )
give me the citi in virginia ?	_answer ( A , ( _city ( A ) , _loc ( A , B ) , _const ( B , _stateid ( virginia ) ) ) )
which river run through the most state ?	_answer ( A , _most ( A , B , ( _river ( A ) , _traverse ( A , B ) , _state ( B ) ) ) )
how mani peopl live in new mexico ?	_answer ( A , ( _population ( B , A ) , _const ( B , _stateid ( ' new mexico ' ) ) ) )
what is the largest citi in alabama ?	_answer ( A , _largest ( A , ( _city ( A ) , _loc ( A , B ) , _const ( B , _stateid ( alabama ) ) ) ) )
how mani peopl live in san francisco ?	_answer ( A , ( _population ( B , A ) , _const ( B , _cityid ( ' san francisco ' , _ ) ) ) )
what is the popul of the capit of the largest state ?	_answer ( A , ( _population ( B , A ) , _capital ( B ) , _loc ( B , C ) , _largest ( C , _state ( C ) ) ) )
what is the longest river in the us ?	_answer ( A , _longest ( A , ( _river ( A ) , _loc ( A , B ) , _const ( B , _countryid ( usa ) ) ) ) )
what is the largest state that border the state with the highest popul ?	_answer ( A , _largest ( A , ( _state ( A ) , _next_to ( A , B ) , _largest ( C , ( _state ( B ) , _population ( B , C ) ) ) ) ) )
show me all the major lake in the us ?	_answer ( A , ( _major ( A ) , _lake ( A ) , _loc ( A , B ) , _const ( B , _countryid ( usa ) ) ) )
where is springfield ?	_answer ( A , ( _loc ( B , A ) , _const ( B , _cityid ( springfield , _ ) ) ) )
what state is des moines locat in ?	_answer ( A , ( _state ( A ) , _const ( B , _cityid ( ' des moines ' , _ ) ) , _loc ( B , A ) ) )
how mani citi doe texas have ?	_answer ( A , _count ( B , ( _city ( B ) , _const ( C , _stateid ( texas ) ) , _loc ( B , C ) ) , A ) )
what state is boston in ?	_answer ( A , ( _state ( A ) , _const ( B , _cityid ( boston , _ ) ) , _loc ( B , A ) ) )
which river run through the state with the largest citi in the us ?	_answer ( A , ( _river ( A ) , _traverse ( A , B ) , _largest ( C , ( _state ( B ) , _loc ( C , B ) , _city ( C ) , _loc ( C , D ) , _const ( D , _countryid ( usa ) ) ) ) ) )
state border iowa ?	_answer ( A , ( _state ( A ) , _next_to ( A , B ) , _const ( B , _stateid ( iowa ) ) ) )
what state have no border state ?	_answer ( A , ( _state ( A ) , \+ ( _next_to ( A , B ) , _state ( B ) ) ) )
where is the lowest point in the us ?	_answer ( A , _lowest ( A , ( _place ( A ) , _loc ( A , B ) , _const ( B , _countryid ( usa ) ) ) ) )
what are the major citi in oklahoma ?	_answer ( A , ( _major ( A ) , _city ( A ) , _loc ( A , B ) , _const ( B , _stateid ( oklahoma ) ) ) )
which state has the smallest area that border texas ?	_answer ( A , _smallest ( B , ( _state ( A ) , _area ( A , B ) , _next_to ( A , C ) , _const ( C , _stateid ( texas ) ) ) ) )
what is the capit of the state with the highest elev ?	_answer ( A , ( _capital ( A ) , _loc ( A , B ) , _state ( B ) , _loc ( C , B ) , _highest ( C , _place ( C ) ) ) )
what state doe the mississippi run through ?	_answer ( A , ( _state ( A ) , _const ( B , _riverid ( mississippi ) ) , _traverse ( B , A ) ) )
where is mount whitney locat ?	_answer ( A , ( _loc ( B , A ) , _const ( B , _placeid ( ' mount whitney ' ) ) ) )
which state has the largest densiti ?	_answer ( A , _largest ( B , ( _state ( A ) , _density ( A , B ) ) ) )
what is the smallest citi in washington ?	_answer ( A , _smallest ( A , ( _city ( A ) , _loc ( A , B ) , _const ( B , _stateid ( washington ) ) ) ) )
what are the major citi in new mexico ?	_answer ( A , ( _major ( A ) , _city ( A ) , _loc ( A , B ) , _const ( B , _stateid ( ' new mexico ' ) ) ) )
how mani peopl live in the capit of georgia ?	_answer ( A , ( _population ( B , A ) , _capital ( B ) , _loc ( B , C ) , _const ( C , _stateid ( georgia ) ) ) )
what state which the mississippi runs through has the largest popul ?	_answer ( A , _largest ( B , ( _state ( A ) , _const ( C , _riverid ( mississippi ) ) , _traverse ( C , A ) , _population ( A , B ) ) ) )
state the state with the largest area ?	_answer ( A , ( _state ( A ) , _largest ( B , ( _state ( A ) , _area ( A , B ) ) ) ) )
how mani peopl live in riverside ?	_answer ( A , ( _population ( B , A ) , _const ( B , _cityid ( riverside , _ ) ) ) )
what is the area of seattle ?	_answer ( A , ( _area ( B , A ) , _const ( B , _cityid ( seattle , _ ) ) ) )
what capit has the largest popul ?	_answer ( A , _largest ( B , ( _capital ( A ) , _population ( A , B ) ) ) )
what is the capit of the state that border the most state ?	_answer ( A , ( _capital ( A ) , _loc ( A , B ) , _most ( B , C , ( _state ( B ) , _next_to ( B , C ) , _state ( C ) ) ) ) )
how mani river run through the state border colorado ?	_answer ( A , _count ( B , ( _river ( B ) , _traverse ( B , C ) , _state ( C ) , _next_to ( C , D ) , _const ( D , _stateid ( colorado ) ) ) , A ) )
what are the citi in california ?	_answer ( A , ( _city ( A ) , _loc ( A , B ) , _const ( B , _stateid ( california ) ) ) )
what state is austin the capit of ?	_answer ( A , ( _state ( A ) , _const ( B , _cityid ( austin , _ ) ) , _capital ( B ) , _loc ( B , A ) ) )
how mani peopl live in kansas ?	_answer ( A , ( _population ( B , A ) , _const ( B , _stateid ( kansas ) ) ) )
what state border the least state ?	_answer ( A , _fewest ( A , B , ( _state ( A ) , _next_to ( A , B ) , _state ( B ) ) ) )
which state border south dakota ?	_answer ( A , ( _state ( A ) , _next_to ( A , B ) , _const ( B , _stateid ( ' south dakota ' ) ) ) )
name the river in arkansas ?	_answer ( A , ( _river ( A ) , _loc ( A , B ) , _const ( B , _stateid ( arkansas ) ) ) )
how long is the mississippi river in mile ?	_answer ( A , ( _len ( B , A ) , _const ( B , _riverid ( mississippi ) ) , _river ( B ) ) )
what is the shortest river in the us ?	_answer ( A , _shortest ( A , ( _river ( A ) , _loc ( A , B ) , _const ( B , _countryid ( usa ) ) ) ) )
what is the biggest citi in usa ?	_answer ( A , _largest ( A , ( _city ( A ) , _loc ( A , B ) , _const ( B , _countryid ( usa ) ) ) ) )
what is the capit of washington ?	_answer ( A , ( _capital ( A ) , _loc ( A , B ) , _const ( B , _stateid ( washington ) ) ) )
how mani citi are in montana ?	_answer ( A , _count ( B , ( _city ( B ) , _loc ( B , C ) , _const ( C , _stateid ( montana ) ) ) , A ) )
what is the capit of the state texas ?	_answer ( A , ( _capital ( A ) , _loc ( A , B ) , _state ( B ) , _const ( B , _stateid ( texas ) ) ) )
what is the height of mount mckinley ?	_answer ( A , ( _elevation ( B , A ) , _const ( B , _placeid ( ' mount mckinley ' ) ) ) )
what is the citi with the smallest popul ?	_answer ( A , _smallest ( B , ( _city ( A ) , _population ( A , B ) ) ) )
what is the biggest state in the usa ?	_answer ( A , _largest ( A , ( _state ( A ) , _loc ( A , B ) , _const ( B , _countryid ( usa ) ) ) ) )
how mani major citi are in state border utah ?	_answer ( A , _count ( B , ( _major ( B ) , _city ( B ) , _loc ( B , C ) , _state ( C ) , _next_to ( C , D ) , _const ( D , _stateid ( utah ) ) ) , A ) )
how mani state border tennessee ?	_answer ( A , _count ( B , ( _state ( B ) , _next_to ( B , C ) , _const ( C , _stateid ( tennessee ) ) ) , A ) )
what state doe the ohio river go through ?	_answer ( A , ( _state ( A ) , _const ( B , _riverid ( ohio ) ) , _river ( B ) , _traverse ( B , A ) ) )
what is the longest river in the smallest state in the usa ?	_answer ( A , _longest ( A , ( _river ( A ) , _loc ( A , B ) , _smallest ( B , ( _state ( B ) , _loc ( B , C ) , _const ( C , _countryid ( usa ) ) ) ) ) ) )
what is the smallest state by area ?	_answer ( A , _smallest ( B , ( _state ( A ) , _area ( A , B ) ) ) )
what is the popul of the capit of the largest state through which the mississippi runs ?	_answer ( A , ( _population ( B , A ) , _capital ( B ) , _loc ( B , C ) , _largest ( C , ( _state ( C ) , _const ( D , _riverid ( mississippi ) ) , _traverse ( D , C ) ) ) ) )
what is the popul of boston massachusetts ?	_answer ( A , ( _population ( B , A ) , _const ( B , _cityid ( boston , ma ) ) ) )
what citi in california ?	_answer ( A , ( _city ( A ) , _loc ( A , B ) , _const ( B , _stateid ( california ) ) ) )
how big is the city of new york ?	_answer ( A , ( _size ( B , A ) , _const ( B , _cityid ( ' new york ' , _ ) ) ) )
what state has the most citi ?	_answer ( A , _most ( A , B , ( _state ( A ) , _loc ( B , A ) , _city ( B ) ) ) )
what is the longest river ?	_answer ( A , _longest ( A , _river ( A ) ) )
name the 50 capit in the usa ?	_answer ( A , ( _capital ( A ) , _loc ( A , B ) , _const ( B , _countryid ( usa ) ) ) )
what is the capit of the state that border the state that border texas ?	_answer ( A , ( _capital ( A ) , _loc ( A , B ) , _state ( B ) , _next_to ( B , C ) , _state ( C ) , _next_to ( C , D ) , _const ( D , _stateid ( texas ) ) ) )
which state has the red river ?	_answer ( A , ( _state ( A ) , _loc ( B , A ) , _const ( B , _riverid ( red ) ) , _river ( B ) ) )
how mani peopl live in chicago ?	_answer ( A , ( _population ( B , A ) , _const ( B , _cityid ( chicago , _ ) ) ) )
what is the smallest citi in alaska ?	_answer ( A , _smallest ( A , ( _city ( A ) , _loc ( A , B ) , _const ( B , _stateid ( alaska ) ) ) ) )
list the state ?	_answer ( A , _state ( A ) )
what is the biggest citi in georgia ?	_answer ( A , _largest ( A , ( _city ( A ) , _loc ( A , B ) , _const ( B , _stateid ( georgia ) ) ) ) )
what state border state which the mississippi runs through ?	_answer ( A , ( _state ( A ) , _next_to ( A , B ) , _state ( B ) , _const ( C , _riverid ( mississippi ) ) , _traverse ( C , B ) ) )
how mani citi are there in the us ?	_answer ( A , _count ( B , ( _city ( B ) , _loc ( B , C ) , _const ( C , _countryid ( usa ) ) ) , A ) )
how big is texas ?	_answer ( A , ( _size ( B , A ) , _const ( B , _stateid ( texas ) ) ) )
what is the height of the highest point in the usa ?	_answer ( A , ( _elevation ( B , A ) , _highest ( B , ( _place ( B ) , _loc ( B , C ) , _const ( C , _countryid ( usa ) ) ) ) ) )
what are the popul of the state through which the mississippi runs ?	_answer ( A , ( _population ( B , A ) , _state ( B ) , _const ( C , _riverid ( mississippi ) ) , _traverse ( C , B ) ) )
what state has the smallest popul ?	_answer ( A , _smallest ( B , ( _state ( A ) , _population ( A , B ) ) ) )
how mani state border texas ?	_answer ( A , _count ( B , ( _state ( B ) , _next_to ( B , C ) , _const ( C , _stateid ( texas ) ) ) , A ) )
which state do colorado river flow through ?	_answer ( A , ( _state ( A ) , _const ( B , _riverid ( colorado ) ) , _river ( B ) , _traverse ( B , A ) ) )
what is the highest point in texas ?	_answer ( A , _highest ( A , ( _place ( A ) , _loc ( A , B ) , _const ( B , _stateid ( texas ) ) ) ) )
what is the longest river in california ?	_answer ( A , _longest ( A , ( _river ( A ) , _loc ( A , B ) , _const ( B , _stateid ( california ) ) ) ) )
what is the length of the river that run through the most number of state ?	_answer ( A , ( _len ( B , A ) , _most ( B , C , ( _river ( B ) , _traverse ( B , C ) , _state ( C ) ) ) ) )
what is the most popul state in the us ?	_answer ( A , _largest ( B , ( _population ( A , B ) , _state ( A ) , _loc ( A , C ) , _const ( C , _countryid ( usa ) ) ) ) )
what is the capit of georgia ?	_answer ( A , ( _capital ( A ) , _loc ( A , B ) , _const ( B , _stateid ( georgia ) ) ) )
what is the averag popul of the us by state ?	_answer ( A , ( _density ( B , A ) , _const ( B , _countryid ( usa ) ) ) )
what is the area of new mexico ?	_answer ( A , ( _area ( B , A ) , _const ( B , _stateid ( ' new mexico ' ) ) ) )
what is the longest river in texas ?	_answer ( A , _longest ( A , ( _river ( A ) , _loc ( A , B ) , _const ( B , _stateid ( texas ) ) ) ) )
how mani major citi are there ?	_answer ( A , _count ( B , ( _major ( B ) , _city ( B ) ) , A ) )
how mani river are in the state with the largest popul ?	_answer ( A , _count ( B , ( _river ( B ) , _loc ( B , C ) , _largest ( D , ( _state ( C ) , _population ( C , D ) ) ) ) , A ) )
what is the major citi in montana ?	_answer ( A , ( _major ( A ) , _city ( A ) , _loc ( A , B ) , _const ( B , _stateid ( montana ) ) ) )
what is the popul of the major citi in wisconsin ?	_answer ( A , ( _population ( B , A ) , _major ( B ) , _city ( B ) , _loc ( B , C ) , _const ( C , _stateid ( wisconsin ) ) ) )
which state doe not border texas ?	_answer ( A , ( _state ( A ) , \+ ( _next_to ( A , B ) , _const ( B , _stateid ( texas ) ) ) ) )
what river travers the most state ?	_answer ( A , _most ( A , B , ( _river ( A ) , _traverse ( A , B ) , _state ( B ) ) ) )
what is the state with the lowest popul densiti ?	_answer ( A , _smallest ( B , ( _state ( A ) , _density ( A , B ) ) ) )
what state doe the missouri river run through ?	_answer ( A , ( _state ( A ) , _const ( B , _riverid ( missouri ) ) , _river ( B ) , _traverse ( B , A ) ) )
how mani river are in colorado ?	_answer ( A , _count ( B , ( _river ( B ) , _loc ( B , C ) , _const ( C , _stateid ( colorado ) ) ) , A ) )
what is the shortest river in iowa ?	_answer ( A , _shortest ( A , ( _river ( A ) , _loc ( A , B ) , _const ( B , _stateid ( iowa ) ) ) ) )
what state border state that the mississippi runs through ?	_answer ( A , ( _state ( A ) , _next_to ( A , B ) , _state ( B ) , _const ( C , _riverid ( mississippi ) ) , _traverse ( C , B ) ) )
how mani peopl are there in new york ?	_answer ( A , ( _population ( B , A ) , _const ( B , _stateid ( ' new york ' ) ) ) )
what is the citi in texas with the largest popul ?	_answer ( A , _largest ( B , ( _city ( A ) , _loc ( A , C ) , _const ( C , _stateid ( texas ) ) , _population ( A , B ) ) ) )
what is the highest elev in new mexico ?	_answer ( A , _highest ( A , ( _place ( A ) , _loc ( A , B ) , _const ( B , _stateid ( ' new mexico ' ) ) ) ) )
what is the highest point in the united states ?	_answer ( A , _highest ( A , ( _place ( A ) , _loc ( A , B ) , _const ( B , _countryid ( usa ) ) ) ) )
what is the popul of the state with the largest area ?	_answer ( A , ( _population ( B , A ) , _largest ( C , ( _state ( B ) , _area ( B , C ) ) ) ) )
where is baton rouge ?	_answer ( A , ( _loc ( B , A ) , _const ( B , _cityid ( ' baton rouge ' , _ ) ) ) )
what state in the united states have a city of springfield ?	_answer ( A , ( _state ( A ) , _loc ( A , B ) , _const ( B , _countryid ( usa ) ) , _loc ( C , A ) , _const ( C , _cityid ( springfield , _ ) ) ) )
how mani citi are in louisiana ?	_answer ( A , _count ( B , ( _city ( B ) , _loc ( B , C ) , _const ( C , _stateid ( louisiana ) ) ) , A ) )
how mani state are in the united states ?	_answer ( A , _count ( B , ( _state ( B ) , _loc ( B , C ) , _const ( C , _countryid ( usa ) ) ) , A ) )
what river run through louisiana ?	_answer ( A , ( _river ( A ) , _traverse ( A , B ) , _const ( B , _stateid ( louisiana ) ) ) )
how mani peopl live in the state with the largest popul densiti ?	_answer ( A , ( _population ( B , A ) , _largest ( C , ( _state ( B ) , _density ( B , C ) ) ) ) )
what is the state with the highest elev in the united states ?	_answer ( A , ( _state ( A ) , _loc ( B , A ) , _highest ( B , ( _place ( B ) , _loc ( B , C ) , _const ( C , _countryid ( usa ) ) ) ) ) )
what state border most other state ?	_answer ( A , _most ( A , B , ( _state ( A ) , _next_to ( A , B ) , _state ( B ) ) ) )
which state adjoin alabama ?	_answer ( A , ( _state ( A ) , _next_to ( A , B ) , _const ( B , _stateid ( alabama ) ) ) )
what is the length of the colorado river in texas ?	_answer ( A , ( _len ( B , A ) , _const ( B , _riverid ( colorado ) ) , _river ( B ) , _loc ( B , C ) , _const ( C , _stateid ( texas ) ) ) )
what state has the highest popul ?	_answer ( A , _largest ( B , ( _state ( A ) , _population ( A , B ) ) ) )
what is the state that contain the highest point ?	_answer ( A , ( _state ( A ) , _loc ( B , A ) , _highest ( B , _place ( B ) ) ) )
what is the popul densiti of south dakota ?	_answer ( A , ( _density ( B , A ) , _const ( B , _stateid ( ' south dakota ' ) ) ) )
what state have citi name austin ?	_answer ( A , ( _state ( A ) , _loc ( B , A ) , _city ( B ) , _const ( B , _cityid ( austin , _ ) ) ) )
how mani peopl live in montana ?	_answer ( A , ( _population ( B , A ) , _const ( B , _stateid ( montana ) ) ) )
